n,k,state,repeat,probability,time_s
2,1,00,0,1.0,0.022286099999973885
2,1,00,1,1.0,0.01177800000004936
2,1,00,2,1.0,0.00998540000000503
2,1,00,3,1.0,0.010013899999989917
2,1,00,4,1.0,0.009726000000000568
2,1,01,0,1.0,0.011435500000004595
2,1,01,1,1.0,0.010577900000043883
2,1,01,2,1.0,0.01050049999997782
2,1,01,3,1.0,0.010483999999962634
2,1,01,4,1.0,0.010468600000024253
2,1,10,0,1.0,0.011115700000004836
2,1,10,1,1.0,0.010772400000007565
2,1,10,2,1.0,0.010550599999987753
2,1,10,3,1.0,0.01061400000003232
2,1,10,4,1.0,0.010434700000018893
2,1,11,0,1.0,0.010698399999967023
2,1,11,1,1.0,0.010483899999996993
2,1,11,2,1.0,0.010477999999977783
2,1,11,3,1.0,0.010615299999983563
2,1,11,4,1.0,0.010381400000028407
3,1,000,0,0.77475,0.01067679999999882
3,1,000,1,0.77825,0.010519299999998566
3,1,000,2,0.777,0.01043779999997696
3,1,000,3,0.78025,0.010355099999969752
3,1,000,4,0.77925,0.011680299999966337
3,1,001,0,0.776,0.010790299999996478
3,1,001,1,0.77275,0.010552899999993315
3,1,001,2,0.7765,0.010396400000047379
3,1,001,3,0.789,0.010466099999973721
3,1,001,4,0.7775,0.010329499999954805
3,1,010,0,0.78075,0.010797299999978804
3,1,010,1,0.775,0.010651699999982611
3,1,010,2,0.77675,0.010580300000015086
3,1,010,3,0.7845,0.010574499999961517
3,1,010,4,0.776,0.010309800000015912
3,1,011,0,0.78725,0.010766100000012102
3,1,011,1,0.77525,0.010490800000013678
3,1,011,2,0.7785,0.010622000000012122
3,1,011,3,0.78475,0.01065840000001117
3,1,011,4,0.77575,0.010601400000041394
3,1,100,0,0.78825,0.010685899999998583
3,1,100,1,0.7765,0.01068380000003799
3,1,100,2,0.782,0.01016450000003033
3,1,100,3,0.77825,0.010480599999993956
3,1,100,4,0.77625,0.010627999999996973
3,1,101,0,0.79075,0.010695499999997082
3,1,101,1,0.7785,0.010512000000005628
3,1,101,2,0.78225,0.010420300000021143
3,1,101,3,0.77575,0.010367900000005648
3,1,101,4,0.77925,0.010576700000001438
3,1,110,0,0.78675,0.010558500000001914
3,1,110,1,0.77575,0.010595299999977215
3,1,110,2,0.78,0.01052369999996472
3,1,110,3,0.774,0.010297200000024986
3,1,110,4,0.78375,0.010316299999999501
3,1,111,0,0.79375,0.010681199999964974
3,1,111,1,0.77825,0.010369900000000598
3,1,111,2,0.7845,0.010356500000000324
3,1,111,3,0.77825,0.010362299999997049
3,1,111,4,0.7835,0.010546099999999115
3,2,000,0,0.943,0.010742800000002717
3,2,000,1,0.947,0.010760599999969145
3,2,000,2,0.93875,0.010628900000028807
3,2,000,3,0.94575,0.010575400000050195
3,2,000,4,0.94475,0.010504599999990205
3,2,001,0,0.94275,0.010820600000045033
3,2,001,1,0.945,0.010197699999991983
3,2,001,2,0.94225,0.010826300000019273
3,2,001,3,0.94625,0.010185899999953563
3,2,001,4,0.94175,0.01079459999999699
3,2,010,0,0.944,0.010621800000023995
3,2,010,1,0.94675,0.010347400000000562
3,2,010,2,0.93925,0.010102299999971365
3,2,010,3,0.94425,0.010240899999985231
3,2,010,4,0.94225,0.010328399999991689
3,2,011,0,0.941,0.010611400000016147
3,2,011,1,0.9465,0.010644900000045254
3,2,011,2,0.94175,0.010338100000012673
3,2,011,3,0.94475,0.010420999999951164
3,2,011,4,0.9435,0.009973999999999705
3,2,100,0,0.9415,0.010878100000013546
3,2,100,1,0.9465,0.010751800000036837
3,2,100,2,0.942,0.010674499999993259
3,2,100,3,0.946,0.010517700000036712
3,2,100,4,0.9395,0.010870500000009997
3,2,101,0,0.9435,0.010923499999989872
3,2,101,1,0.9485,0.010789699999975255
3,2,101,2,0.94,0.010491800000011153
3,2,101,3,0.94525,0.010649499999999534
3,2,101,4,0.93775,0.010582099999965067
3,2,110,0,0.944,0.01095700000001898
3,2,110,1,0.94975,0.010725600000000668
3,2,110,2,0.94175,0.010868100000038794
3,2,110,3,0.9435,0.010669899999982135
3,2,110,4,0.93775,0.010561200000040571
3,2,111,0,0.949,0.010941000000002532
3,2,111,1,0.9445,0.011430300000029092
3,2,111,2,0.9455,0.010671300000012707
3,2,111,3,0.9405,0.01062250000001086
3,2,111,4,0.93975,0.011039999999979955
4,1,0000,0,0.474,0.011016899999958696
4,1,0000,1,0.4835,0.010761999999999716
4,1,0000,2,0.458,0.010677100000009432
4,1,0000,3,0.46125,0.010648300000013933
4,1,0000,4,0.48325,0.01061690000000226
4,1,0001,0,0.4705,0.011031000000002678
4,1,0001,1,0.48375,0.01057309999998779
4,1,0001,2,0.4675,0.012548299999991741
4,1,0001,3,0.4605,0.010847200000000612
4,1,0001,4,0.47625,0.010891799999967589
4,1,0010,0,0.46975,0.010966899999971247
4,1,0010,1,0.4825,0.01066040000000612
4,1,0010,2,0.46975,0.010777399999994941
4,1,0010,3,0.45675,0.010785699999985354
4,1,0010,4,0.47875,0.011031000000002678
4,1,0011,0,0.4645,0.01096759999995811
4,1,0011,1,0.48125,0.010903799999994135
4,1,0011,2,0.4745,0.015211200000010194
4,1,0011,3,0.45875,0.010904100000004746
4,1,0011,4,0.48375,0.011828199999968092
4,1,0100,0,0.46625,0.010732600000039838
4,1,0100,1,0.477,0.010663799999974799
4,1,0100,2,0.4785,0.010877099999959228
4,1,0100,3,0.4695,0.010508299999969495
4,1,0100,4,0.4835,0.010910999999964588
4,1,0101,0,0.47225,0.010709899999994832
4,1,0101,1,0.477,0.010801700000001802
4,1,0101,2,0.4845,0.01092289999996865
4,1,0101,3,0.47475,0.010930900000005295
4,1,0101,4,0.48025,0.010612399999956779
4,1,0110,0,0.4745,0.010961300000019492
4,1,0110,1,0.4775,0.010678100000006907
4,1,0110,2,0.4845,0.010770100000002003
4,1,0110,3,0.47125,0.011004400000047099
4,1,0110,4,0.4725,0.010923699999977998
4,1,0111,0,0.46875,0.0103055000000154
4,1,0111,1,0.4745,0.010178099999961887
4,1,0111,2,0.492,0.010139600000002247
4,1,0111,3,0.4675,0.010137899999961064
4,1,0111,4,0.47,0.010174800000015694
4,1,1000,0,0.4725,0.01043409999999767
4,1,1000,1,0.47,0.010073300000044583
4,1,1000,2,0.49375,0.01013850000003913
4,1,1000,3,0.4645,0.010521699999969769
4,1,1000,4,0.466,0.010427800000002208
4,1,1001,0,0.4755,0.010639299999979812
4,1,1001,1,0.47225,0.01048150000002579
4,1,1001,2,0.4935,0.010739999999998417
4,1,1001,3,0.4715,0.01132809999995743
4,1,1001,4,0.46325,0.012906000000043605
4,1,1010,0,0.4765,0.010188799999980347
4,1,1010,1,0.47125,0.010083299999962492
4,1,1010,2,0.488,0.01048550000001569
4,1,1010,3,0.47,0.010433300000045165
4,1,1010,4,0.463,0.011495199999956185
4,1,1011,0,0.47775,0.013713599999960024
4,1,1011,1,0.4645,0.010818700000015724
4,1,1011,2,0.486,0.010656600000004346
4,1,1011,3,0.4755,0.010848300000020572
4,1,1011,4,0.46575,0.01110179999994898
4,1,1100,0,0.4755,0.010892299999966326
4,1,1100,1,0.46625,0.010691499999950338
4,1,1100,2,0.487,0.011021099999993567
4,1,1100,3,0.47725,0.01092909999999847
4,1,1100,4,0.467,0.010790100000008351
4,1,1101,0,0.475,0.01096300000000383
4,1,1101,1,0.4605,0.010814799999991465
4,1,1101,2,0.48625,0.010937000000012631
4,1,1101,3,0.4805,0.010491299999955572
4,1,1101,4,0.45725,0.010526200000015251
4,1,1110,0,0.47,0.010688899999991008
4,1,1110,1,0.46325,0.014412700000036693
4,1,1110,2,0.48225,0.012501199999974233
4,1,1110,3,0.48,0.011050500000010288
4,1,1110,4,0.458,0.01084269999995513
4,1,1111,0,0.474,0.010851700000046094
4,1,1111,1,0.463,0.011816600000031485
4,1,1111,2,0.486,0.010975299999984145
4,1,1111,3,0.48075,0.0105626000000143
4,1,1111,4,0.4605,0.010900999999989835
4,3,0000,0,0.9605,0.011053000000003976
4,3,0000,1,0.96175,0.011330400000019836
4,3,0000,2,0.96175,0.011378000000036081
4,3,0000,3,0.96075,0.011717799999985345
4,3,0000,4,0.9585,0.011309700000026623
4,3,0001,0,0.9605,0.01129609999998138
4,3,0001,1,0.96425,0.011191700000040328
4,3,0001,2,0.96175,0.010900999999989835
4,3,0001,3,0.9595,0.011030699999992066
4,3,0001,4,0.9555,0.011307499999986703
4,3,0010,0,0.961,0.011109199999964403
4,3,0010,1,0.965,0.010947499999986121
4,3,0010,2,0.96025,0.011272500000018226
4,3,0010,3,0.9605,0.01119579999999587
4,3,0010,4,0.957,0.011327399999970567
4,3,0011,0,0.9625,0.010914800000023206
4,3,0011,1,0.9655,0.01126920000001519
4,3,0011,2,0.9615,0.011216900000022179
4,3,0011,3,0.96,0.011166500000001633
4,3,0011,4,0.95825,0.011248700000010103
4,3,0100,0,0.9625,0.011287500000037198
4,3,0100,1,0.966,0.01130710000001045
4,3,0100,2,0.96125,0.011333000000036009
4,3,0100,3,0.9595,0.011301500000001852
4,3,0100,4,0.95725,0.011207200000001194
4,3,0101,0,0.96375,0.011271300000032625
4,3,0101,1,0.96675,0.011007500000005166
4,3,0101,2,0.96175,0.01125739999997677
4,3,0101,3,0.9585,0.011000300000034713
4,3,0101,4,0.95675,0.011258900000029826
4,3,0110,0,0.9625,0.01066040000000612
4,3,0110,1,0.96725,0.012319600000012088
4,3,0110,2,0.96125,0.01096690000002809
4,3,0110,3,0.95975,0.010396800000023632
4,3,0110,4,0.95575,0.01103139999997893
4,3,0111,0,0.96275,0.011008500000002641
4,3,0111,1,0.96625,0.010817299999985153
4,3,0111,2,0.9615,0.008955299999968247
4,3,0111,3,0.95925,0.010410400000012032
4,3,0111,4,0.95575,0.013273099999992155
4,3,1000,0,0.96175,0.01094329999995125
4,3,1000,1,0.9645,0.01050359999999273
4,3,1000,2,0.96325,0.01057140000000345
4,3,1000,3,0.96025,0.010960000000011405
4,3,1000,4,0.956,0.010735199999999168
4,3,1001,0,0.962,0.010990700000036213
4,3,1001,1,0.964,0.010939600000028804
4,3,1001,2,0.96575,0.011048900000048434
4,3,1001,3,0.9595,0.01104970000000094
4,3,1001,4,0.95475,0.01091550000001007
4,3,1010,0,0.96275,0.011260100000015427
4,3,1010,1,0.96425,0.011156400000004396
4,3,1010,2,0.96725,0.011330499999985477
4,3,1010,3,0.95975,0.010976099999993494
4,3,1010,4,0.95425,0.01114719999998215
4,3,1011,0,0.9605,0.011019599999997354
4,3,1011,1,0.96375,0.010968800000000556
4,3,1011,2,0.96725,0.01103619999997818
4,3,1011,3,0.96075,0.011001899999996567
4,3,1011,4,0.9545,0.011054900000033285
4,3,1100,0,0.96,0.011544500000013613
4,3,1100,1,0.96375,0.008844100000032995
4,3,1100,2,0.96875,0.011347699999987526
4,3,1100,3,0.9605,0.01148000000000593
4,3,1100,4,0.95575,0.010878899999966052
4,3,1101,0,0.959,0.011551100000019687
4,3,1101,1,0.9635,0.01118309999998246
4,3,1101,2,0.9705,0.011335700000017823
4,3,1101,3,0.9595,0.011319700000001376
4,3,1101,4,0.95575,0.011322699999993802
4,3,1110,0,0.95975,0.011259300000006078
4,3,1110,1,0.964,0.01110220000003892
4,3,1110,2,0.9715,0.01118700000000672
4,3,1110,3,0.9595,0.011243400000012116
4,3,1110,4,0.95675,0.011259599999959846
4,3,1111,0,0.96025,0.01133220000002666
4,3,1111,1,0.96475,0.011011400000029425
4,3,1111,2,0.97025,0.011211699999989833
4,3,1111,3,0.9575,0.011126699999977063
4,3,1111,4,0.958,0.011117100000035407
5,1,00000,0,0.24975,0.011000799999976607
5,1,00000,1,0.268,0.010743300000001454
5,1,00000,2,0.258,0.010767899999962083
5,1,00000,3,0.25375,0.010759099999972932
5,1,00000,4,0.25,0.01074230000000398
5,1,00001,0,0.25325,0.011242699999968409
5,1,00001,1,0.26525,0.011087000000031821
5,1,00001,2,0.25875,0.011099000000001524
5,1,00001,3,0.25775,0.011006000000008953
5,1,00001,4,0.25225,0.010884900000007747
5,1,00010,0,0.252,0.011286799999993491
5,1,00010,1,0.262,0.011071299999969142
5,1,00010,2,0.2595,0.010686800000030416
5,1,00010,3,0.263,0.01125680000001239
5,1,00010,4,0.25425,0.01117149999998901
5,1,00011,0,0.25875,0.010993499999983669
5,1,00011,1,0.26775,0.011174499999981435
5,1,00011,2,0.2525,0.010896599999966838
5,1,00011,3,0.262,0.011074099999973441
5,1,00011,4,0.25425,0.01098479999996016
5,1,00100,0,0.263,0.012685099999998783
5,1,00100,1,0.26925,0.010327099999983602
5,1,00100,2,0.2525,0.010433400000010806
5,1,00100,3,0.2605,0.010324699999955556
5,1,00100,4,0.25475,0.010134699999980512
5,1,00101,0,0.26825,0.010658700000021781
5,1,00101,1,0.26925,0.010314699999980803
5,1,00101,2,0.255,0.010373700000002373
5,1,00101,3,0.26425,0.010254900000006728
5,1,00101,4,0.2525,0.010661099999992985
5,1,00110,0,0.26875,0.010579800000016348
5,1,00110,1,0.26825,0.010691600000029666
5,1,00110,2,0.2605,0.010265899999978956
5,1,00110,3,0.266,0.010556399999984478
5,1,00110,4,0.24625,0.010317299999996976
5,1,00111,0,0.27,0.010637900000006084
5,1,00111,1,0.2625,0.010710299999971085
5,1,00111,2,0.2625,0.010638599999992948
5,1,00111,3,0.265,0.010345299999983126
5,1,00111,4,0.2455,0.010942999999997483
5,1,01000,0,0.269,0.011109799999985626
5,1,01000,1,0.256,0.011273900000048798
5,1,01000,2,0.2615,0.011053599999968355
5,1,01000,3,0.26625,0.011146499999995285
5,1,01000,4,0.24625,0.011198100000001432
5,1,01001,0,0.2675,0.01106830000003356
5,1,01001,1,0.246,0.011339799999973366
5,1,01001,2,0.26275,0.01125849999999673
5,1,01001,3,0.2655,0.011442499999986921
5,1,01001,4,0.2445,0.011053100000026461
5,1,01010,0,0.26625,0.011316000000022086
5,1,01010,1,0.2475,0.011228600000038114
5,1,01010,2,0.25675,0.011223400000005768
5,1,01010,3,0.26225,0.011274500000013177
5,1,01010,4,0.24775,0.01116100000001552
5,1,01011,0,0.27675,0.010571099999992839
5,1,01011,1,0.24725,0.010274699999968107
5,1,01011,2,0.2575,0.010491300000012416
5,1,01011,3,0.2635,0.011244400000009591
5,1,01011,4,0.2495,0.011134600000048067
5,1,01100,0,0.273,0.010584600000015598
5,1,01100,1,0.247,0.010469299999954274
5,1,01100,2,0.25125,0.010374000000012984
5,1,01100,3,0.25775,0.010600699999997687
5,1,01100,4,0.2505,0.010263199999997141
5,1,01101,0,0.27225,0.01161229999996749
5,1,01101,1,0.25475,0.01131860000003826
5,1,01101,2,0.25125,0.011220200000025216
5,1,01101,3,0.255,0.011381000000028507
5,1,01101,4,0.24775,0.01126049999999168
5,1,01110,0,0.27325,0.01108840000000555
5,1,01110,1,0.24425,0.010987800000009429
5,1,01110,2,0.25625,0.011528800000007777
5,1,01110,3,0.257,0.011088500000028034
5,1,01110,4,0.24625,0.011244800000042687
5,1,01111,0,0.265,0.011351699999977427
5,1,01111,1,0.24925,0.010704800000041814
5,1,01111,2,0.257,0.011118599999974776
5,1,01111,3,0.253,0.010737300000016603
5,1,01111,4,0.24725,0.011382599999990362
5,1,10000,0,0.262,0.011412699999993947
5,1,10000,1,0.2505,0.01129129999998213
5,1,10000,2,0.25075,0.011151499999982661
5,1,10000,3,0.256,0.010800700000004326
5,1,10000,4,0.25075,0.011062699999968117
5,1,10001,0,0.25975,0.011513100000001941
5,1,10001,1,0.25675,0.011195299999997133
5,1,10001,2,0.25225,0.011225000000024465
5,1,10001,3,0.257,0.010929499999974723
5,1,10001,4,0.2575,0.011119800000017221
5,1,10010,0,0.2585,0.0147717000000398
5,1,10010,1,0.261,0.010589600000002974
5,1,10010,2,0.2495,0.011214600000016617
5,1,10010,3,0.257,0.014517999999952735
5,1,10010,4,0.25825,0.010694499999999607
5,1,10011,0,0.25475,0.011046799999974155
5,1,10011,1,0.2665,0.010623299999963365
5,1,10011,2,0.25075,0.010185399999954825
5,1,10011,3,0.25475,0.010220399999980145
5,1,10011,4,0.25775,0.010292700000036348
5,1,10100,0,0.2555,0.010593400000004749
5,1,10100,1,0.27275,0.010345599999993738
5,1,10100,2,0.2505,0.010432299999990846
5,1,10100,3,0.252,0.010453999999981534
5,1,10100,4,0.2595,0.010378300000013496
5,1,10101,0,0.25275,0.010561200000040571
5,1,10101,1,0.26925,0.010651100000018232
5,1,10101,2,0.25975,0.01048129999998082
5,1,10101,3,0.252,0.010535899999979392
5,1,10101,4,0.2605,0.01055189999999584
5,1,10110,0,0.24675,0.011117300000023533
5,1,10110,1,0.2695,0.011281800000006115
5,1,10110,2,0.25925,0.01112250000005588
5,1,10110,3,0.25575,0.01127999999999929
5,1,10110,4,0.26475,0.011060999999983778
5,1,10111,0,0.25075,0.011143000000004122
5,1,10111,1,0.2725,0.010803799999962393
5,1,10111,2,0.26,0.01507320000001755
5,1,10111,3,0.25925,0.010759699999994154
5,1,10111,4,0.26375,0.01073159999998552
5,1,11000,0,0.25175,0.010965499999997519
5,1,11000,1,0.27075,0.010606600000016897
5,1,11000,2,0.262,0.011014400000021851
5,1,11000,3,0.25925,0.011217799999997169
5,1,11000,4,0.26875,0.01126360000000659
5,1,11001,0,0.2515,0.011160300000028656
5,1,11001,1,0.26525,0.011121200000047793
5,1,11001,2,0.26475,0.01133310000000165
5,1,11001,3,0.26,0.010819099999991977
5,1,11001,4,0.268,0.010872299999959978
5,1,11010,0,0.2545,0.011306600000011713
5,1,11010,1,0.261,0.010750699999960034
5,1,11010,2,0.2615,0.01083240000002661
5,1,11010,3,0.269,0.011240000000043437
5,1,11010,4,0.2745,0.011417399999970712
5,1,11011,0,0.258,0.011337400000002162
5,1,11011,1,0.2555,0.011476200000004155
5,1,11011,2,0.26425,0.010821399999997539
5,1,11011,3,0.2605,0.011207300000023679
5,1,11011,4,0.27375,0.01097939999999653
5,1,11100,0,0.25675,0.011357299999986026
5,1,11100,1,0.2575,0.011246500000027027
5,1,11100,2,0.2635,0.01081779999998389
5,1,11100,3,0.261,0.011283300000002328
5,1,11100,4,0.26725,0.010755800000026738
5,1,11101,0,0.25825,0.010969199999976809
5,1,11101,1,0.249,0.010757399999988593
5,1,11101,2,0.26725,0.01075309999998808
5,1,11101,3,0.257,0.011245500000029551
5,1,11101,4,0.274,0.011188200000049164
5,1,11110,0,0.2615,0.010999099999992268
5,1,11110,1,0.24875,0.011331499999982952
5,1,11110,2,0.25975,0.011259100000017952
5,1,11110,3,0.25975,0.01103360000001885
5,1,11110,4,0.27275,0.011324000000001888
5,1,11111,0,0.257,0.010986599999966984
5,1,11111,1,0.2465,0.011119899999982863
5,1,11111,2,0.262,0.011387299999967126
5,1,11111,3,0.264,0.0115458000000217
5,1,11111,4,0.27475,0.010924100000011094
5,4,00000,0,0.9995,0.012823799999978291
5,4,00000,1,0.99975,0.011553899999967143
5,4,00000,2,0.99875,0.011776999999995041
5,4,00000,3,0.998,0.011766500000021551
5,4,00000,4,0.99925,0.011244899999951485
5,4,00001,0,0.9995,0.011249300000031326
5,4,00001,1,0.99975,0.012139300000001185
5,4,00001,2,0.99875,0.01095399999996971
5,4,00001,3,0.998,0.011343799999963267
5,4,00001,4,0.99925,0.011204000000020642
5,4,00010,0,0.9995,0.01085560000001351
5,4,00010,1,0.99975,0.011049000000014075
5,4,00010,2,0.99875,0.01100250000001779
5,4,00010,3,0.998,0.014132800000027146
5,4,00010,4,0.99925,0.015464699999995446
5,4,00011,0,0.9995,0.011254500000006828
5,4,00011,1,0.99975,0.011196299999994608
5,4,00011,2,0.99875,0.010638200000016695
5,4,00011,3,0.9985,0.01128220000003921
5,4,00011,4,0.99925,0.011245299999984582
5,4,00100,0,0.9995,0.012004999999987831
5,4,00100,1,0.99975,0.011410300000022744
5,4,00100,2,0.99875,0.011344400000041333
5,4,00100,3,0.9985,0.011633599999981925
5,4,00100,4,0.99925,0.011529999999993379
5,4,00101,0,0.9995,0.012052299999993465
5,4,00101,1,0.99975,0.011618899999973564
5,4,00101,2,0.99875,0.011830400000008012
5,4,00101,3,0.9985,0.011767399999996542
5,4,00101,4,0.99925,0.011883599999976013
5,4,00110,0,0.9995,0.011320899999986977
5,4,00110,1,0.99975,0.011452700000006644
5,4,00110,2,0.99875,0.011803999999983716
5,4,00110,3,0.99875,0.011815400000045884
5,4,00110,4,0.99925,0.011752500000000055
5,4,00111,0,0.9995,0.011913499999991473
5,4,00111,1,0.99975,0.01171220000003359
5,4,00111,2,0.99875,0.011908500000004096
5,4,00111,3,0.99875,0.011213400000031015
5,4,00111,4,0.99925,0.011241900000015903
5,4,01000,0,0.9995,0.012073699999973542
5,4,01000,1,0.99975,0.011500900000044112
5,4,01000,2,0.99875,0.011282100000016726
5,4,01000,3,0.99875,0.011281199999984892
5,4,01000,4,0.99925,0.011825700000031247
5,4,01001,0,0.99975,0.011451300000032916
5,4,01001,1,1.0,0.011403299999983574
5,4,01001,2,0.99875,0.011351900000022397
5,4,01001,3,0.99875,0.011867199999983313
5,4,01001,4,0.99925,0.011528599999962807
5,4,01010,0,0.99975,0.012025599999958558
5,4,01010,1,1.0,0.011802099999954407
5,4,01010,2,0.99875,0.011890300000004572
5,4,01010,3,0.99875,0.011751300000014453
5,4,01010,4,0.99925,0.011888999999996486
5,4,01011,0,0.99975,0.011861300000020947
5,4,01011,1,1.0,0.01128479999999854
5,4,01011,2,0.99875,0.011839799999961542
5,4,01011,3,0.99875,0.011424200000021756
5,4,01011,4,0.99975,0.011692600000003495
5,4,01100,0,0.99975,0.012204900000028829
5,4,01100,1,1.0,0.011323399999980666
5,4,01100,2,0.99875,0.011856799999975465
5,4,01100,3,0.99875,0.011623100000008435
5,4,01100,4,0.99975,0.011564599999985603
5,4,01101,0,0.99975,0.011819100000025173
5,4,01101,1,1.0,0.011648899999954665
5,4,01101,2,0.99875,0.011859599999979764
5,4,01101,3,0.99875,0.011609799999973802
5,4,01101,4,0.99975,0.011616300000014235
5,4,01110,0,0.99975,0.011516299999982493
5,4,01110,1,1.0,0.011722999999960848
5,4,01110,2,0.99875,0.01188710000002402
5,4,01110,3,0.999,0.011854700000014873
5,4,01110,4,0.99975,0.011749899999983882
5,4,01111,0,0.99975,0.010728299999982482
5,4,01111,1,1.0,0.011367600000028233
5,4,01111,2,0.99875,0.011113200000011147
5,4,01111,3,0.999,0.01116479999996045
5,4,01111,4,0.99975,0.010742899999968358
5,4,10000,0,0.99975,0.011148400000024594
5,4,10000,1,1.0,0.011068000000022948
5,4,10000,2,0.999,0.01123450000000048
5,4,10000,3,0.999,0.010684700000012981
5,4,10000,4,0.99975,0.010756700000001729
5,4,10001,0,1.0,0.010808699999984128
5,4,10001,1,1.0,0.010757999999952972
5,4,10001,2,0.999,0.01078520000004346
5,4,10001,3,0.999,0.011251099999981307
5,4,10001,4,0.99975,0.011474899999996069
5,4,10010,0,1.0,0.01167409999999336
5,4,10010,1,1.0,0.011681599999974424
5,4,10010,2,0.999,0.011479899999983445
5,4,10010,3,0.999,0.012138600000014321
5,4,10010,4,0.9995,0.011684099999968112
5,4,10011,0,1.0,0.011820000000000164
5,4,10011,1,0.99975,0.01143560000002708
5,4,10011,2,0.999,0.011452099999985421
5,4,10011,3,0.99875,0.011601699999971515
5,4,10011,4,0.9995,0.011361499999964053
5,4,10100,0,1.0,0.012280999999973119
5,4,10100,1,0.99975,0.011478699999997843
5,4,10100,2,0.999,0.01150910000001204
5,4,10100,3,0.999,0.01199050000002444
5,4,10100,4,0.9995,0.014008799999999155
5,4,10101,0,1.0,0.012093100000015511
5,4,10101,1,0.99975,0.012027599999953509
5,4,10101,2,0.999,0.011657300000024406
5,4,10101,3,0.999,0.011436399999979585
5,4,10101,4,0.9995,0.01142210000000432
5,4,10110,0,1.0,0.011580799999990177
5,4,10110,1,0.99975,0.01179220000000214
5,4,10110,2,0.999,0.011764800000037212
5,4,10110,3,0.99925,0.011949600000036753
5,4,10110,4,0.99925,0.011920599999996284
5,4,10111,0,1.0,0.011512400000015077
5,4,10111,1,0.99975,0.011357900000007248
5,4,10111,2,0.999,0.011533700000029512
5,4,10111,3,0.99925,0.011652799999978924
5,4,10111,4,0.99925,0.011314999999967768
5,4,11000,0,1.0,0.011325399999975616
5,4,11000,1,0.99975,0.012006400000018402
5,4,11000,2,0.999,0.011371600000018134
5,4,11000,3,0.99925,0.01170340000004444
5,4,11000,4,0.99925,0.011605199999962679
5,4,11001,0,0.99975,0.012176699999997709
5,4,11001,1,0.99975,0.012080800000035197
5,4,11001,2,0.999,0.011996099999976195
5,4,11001,3,0.99925,0.010999400000002879
5,4,11001,4,0.99925,0.011492400000008729
5,4,11010,0,0.99975,0.011863899999980276
5,4,11010,1,0.99975,0.011403799999982311
5,4,11010,2,0.999,0.01169729999998026
5,4,11010,3,0.99925,0.011822100000017599
5,4,11010,4,0.99925,0.011786000000029162
5,4,11011,0,0.99975,0.011547300000017913
5,4,11011,1,0.99975,0.011824900000021898
5,4,11011,2,0.999,0.01174389999999903
5,4,11011,3,0.999,0.01188799999999901
5,4,11011,4,0.9995,0.011042700000018613
5,4,11100,0,0.99975,0.011705100000028779
5,4,11100,1,0.99975,0.011801600000012513
5,4,11100,2,0.999,0.011481600000024628
5,4,11100,3,0.999,0.01167440000000397
5,4,11100,4,0.9995,0.011338200000011511
5,4,11101,0,0.99975,0.011385700000005272
5,4,11101,1,0.99975,0.011416599999961363
5,4,11101,2,0.99925,0.010939000000007582
5,4,11101,3,0.999,0.010913700000003246
5,4,11101,4,0.9995,0.01116980000000467
5,4,11110,0,0.99975,0.011870200000032582
5,4,11110,1,0.9995,0.01132719999998244
5,4,11110,2,0.99925,0.011101200000041445
5,4,11110,3,0.999,0.010996400000010453
5,4,11110,4,0.9995,0.011360099999990325
5,4,11111,0,0.99975,0.01137460000001056
5,4,11111,1,0.9995,0.01095989999998892
5,4,11111,2,0.99975,0.014535700000010365
5,4,11111,3,0.999,0.01758910000000924
5,4,11111,4,0.9995,0.011806699999965531
6,1,000000,0,0.13625,0.011151600000005146
6,1,000000,1,0.14375,0.010920400000031805
6,1,000000,2,0.13,0.011024200000008477
6,1,000000,3,0.142,0.010923399999967387
6,1,000000,4,0.136,0.010991399999966234
6,1,000001,0,0.1355,0.011555200000032073
6,1,000001,1,0.147,0.011413200000049528
6,1,000001,2,0.127,0.010959300000024541
6,1,000001,3,0.147,0.011230000000011842
6,1,000001,4,0.141,0.01152150000001484
6,1,000010,0,0.13525,0.01165030000004208
6,1,000010,1,0.1495,0.01126729999998588
6,1,000010,2,0.1295,0.011460099999965223
6,1,000010,3,0.145,0.011242299999992156
6,1,000010,4,0.141,0.010868799999968815
6,1,000011,0,0.13925,0.013606499999980315
6,1,000011,1,0.145,0.011497899999994843
6,1,000011,2,0.13125,0.011463400000025104
6,1,000011,3,0.14075,0.010885499999972126
6,1,000011,4,0.14225,0.01291159999999536
6,1,000100,0,0.1385,0.011188699999991059
6,1,000100,1,0.13825,0.011392000000000735
6,1,000100,2,0.12875,0.011337499999967804
6,1,000100,3,0.14,0.010953599999993457
6,1,000100,4,0.14175,0.011352900000019872
6,1,000101,0,0.13625,0.011624199999971552
6,1,000101,1,0.14125,0.010924699999975473
6,1,000101,2,0.13,0.011247100000048249
6,1,000101,3,0.13825,0.011255500000004304
6,1,000101,4,0.13825,0.011613300000021809
6,1,000110,0,0.13675,0.01125089999999318
6,1,000110,1,0.139,0.011532499999987067
6,1,000110,2,0.1315,0.011207000000013068
6,1,000110,3,0.1385,0.013946900000007645
6,1,000110,4,0.134,0.011341700000002675
6,1,000111,0,0.1355,0.011834099999987302
6,1,000111,1,0.13875,0.010968999999988682
6,1,000111,2,0.1325,0.011304999999993015
6,1,000111,3,0.13825,0.011401100000000497
6,1,000111,4,0.13675,0.011607699999956367
6,1,001000,0,0.13275,0.011239799999998468
6,1,001000,1,0.13725,0.01155999999997448
6,1,001000,2,0.135,0.011055499999997664
6,1,001000,3,0.1345,0.011542400000053021
6,1,001000,4,0.13625,0.010842200000013236
6,1,001001,0,0.13075,0.011269199999958346
6,1,001001,1,0.1415,0.011449400000003607
6,1,001001,2,0.13575,0.011332499999980428
6,1,001001,3,0.136,0.011658500000010008
6,1,001001,4,0.135,0.010910299999977724
6,1,001010,0,0.12975,0.011910199999988436
6,1,001010,1,0.1365,0.01100339999999278
6,1,001010,2,0.13425,0.011163199999998596
6,1,001010,3,0.13475,0.011660100000028706
6,1,001010,4,0.13525,0.010730700000010529
6,1,001011,0,0.13175,0.011293899999998303
6,1,001011,1,0.13275,0.010537699999986216
6,1,001011,2,0.1345,0.010351999999954842
6,1,001011,3,0.1295,0.01045240000001968
6,1,001011,4,0.1325,0.010601000000008298
6,1,001100,0,0.1305,0.010717900000031477
6,1,001100,1,0.1255,0.010462500000016917
6,1,001100,2,0.1385,0.010414099999991322
6,1,001100,3,0.12925,0.010862599999995837
6,1,001100,4,0.13175,0.010603699999990113
6,1,001101,0,0.1315,0.01136780000001636
6,1,001101,1,0.12625,0.0108496999999943
6,1,001101,2,0.13675,0.010916500000007545
6,1,001101,3,0.133,0.010780099999976755
6,1,001101,4,0.12975,0.010958200000004581
6,1,001110,0,0.1305,0.01111950000000661
6,1,001110,1,0.125,0.010954999999967185
6,1,001110,2,0.1415,0.011343900000042595
6,1,001110,3,0.13475,0.011500000000012278
6,1,001110,4,0.1305,0.011603299999990213
6,1,001111,0,0.1285,0.011540299999978743
6,1,001111,1,0.123,0.010921900000028018
6,1,001111,2,0.142,0.011652600000047642
6,1,001111,3,0.13425,0.011075000000005275
6,1,001111,4,0.1295,0.0113215000000082
6,1,010000,0,0.12625,0.011849499999982527
6,1,010000,1,0.12175,0.011763800000039737
6,1,010000,2,0.14125,0.011019900000007965
6,1,010000,3,0.13475,0.011510899999962021
6,1,010000,4,0.13175,0.01154950000000099
6,1,010001,0,0.12525,0.011680399999988822
6,1,010001,1,0.11875,0.011584900000002563
6,1,010001,2,0.13525,0.011508399999968333
6,1,010001,3,0.1345,0.011729699999989407
6,1,010001,4,0.13,0.011189599999966049
6,1,010010,0,0.1285,0.011763900000005378
6,1,010010,1,0.11775,0.011489400000016303
6,1,010010,2,0.133,0.011193400000024667
6,1,010010,3,0.13975,0.010913599999980761
6,1,010010,4,0.13275,0.011641599999961727
6,1,010011,0,0.1285,0.0112587000000417
6,1,010011,1,0.113,0.010986099999968246
6,1,010011,2,0.135,0.011314700000014
6,1,010011,3,0.13875,0.011053400000037072
6,1,010011,4,0.133,0.010985900000036963
6,1,010100,0,0.1295,0.011446599999999307
6,1,010100,1,0.1185,0.011519299999974919
6,1,010100,2,0.13775,0.01143930000000637
6,1,010100,3,0.13975,0.0115814000000114
6,1,010100,4,0.1385,0.011110199999961878
6,1,010101,0,0.1305,0.011427599999990434
6,1,010101,1,0.12075,0.011380699999961053
6,1,010101,2,0.13425,0.010954799999979059
6,1,010101,3,0.14,0.011497700000006716
6,1,010101,4,0.14025,0.011139700000001085
6,1,010110,0,0.12575,0.01175570000003745
6,1,010110,1,0.1265,0.011632099999985712
6,1,010110,2,0.1275,0.011330199999974866
6,1,010110,3,0.138,0.010952900000006593
6,1,010110,4,0.13925,0.010950200000024779
6,1,010111,0,0.12625,0.011802399999965019
6,1,010111,1,0.1235,0.011091700000008586
6,1,010111,2,0.12975,0.010874400000034257
6,1,010111,3,0.13875,0.010951599999998507
6,1,010111,4,0.14225,0.010977899999943475
6,1,011000,0,0.13075,0.011907699999994747
6,1,011000,1,0.12725,0.01130030000001625
6,1,011000,2,0.12775,0.01152609999996912
6,1,011000,3,0.13625,0.010824600000034934
6,1,011000,4,0.1385,0.011030800000014551
6,1,011001,0,0.13275,0.011062299999991865
6,1,011001,1,0.12775,0.011299099999973805
6,1,011001,2,0.126,0.010312400000032085
6,1,011001,3,0.1365,0.011021500000026663
6,1,011001,4,0.1435,0.010827500000004875
6,1,011010,0,0.1335,0.010584499999993113
6,1,011010,1,0.12925,0.010564999999985503
6,1,011010,2,0.128,0.010457700000017667
6,1,011010,3,0.1375,0.010568100000000413
6,1,011010,4,0.135,0.011573300000009112
6,1,011011,0,0.132,0.010645399999987148
6,1,011011,1,0.13025,0.012663999999972475
6,1,011011,2,0.13225,0.010772200000019438
6,1,011011,3,0.1355,0.010914499999955751
6,1,011011,4,0.13375,0.01038210000001527
6,1,011100,0,0.134,0.01121499999999287
6,1,011100,1,0.1355,0.011460300000010193
6,1,011100,2,0.13325,0.011657500000012533
6,1,011100,3,0.12875,0.011583900000005087
6,1,011100,4,0.133,0.011309100000005401
6,1,011101,0,0.13525,0.011151600000005146
6,1,011101,1,0.1375,0.0113774999999805
6,1,011101,2,0.13175,0.011425700000017969
6,1,011101,3,0.127,0.01215270000000146
6,1,011101,4,0.1335,0.010997799999984181
6,1,011110,0,0.13175,0.011095500000010361
6,1,011110,1,0.13875,0.011048799999969106
6,1,011110,2,0.1365,0.010954299999980321
6,1,011110,3,0.129,0.01096300000000383
6,1,011110,4,0.1315,0.01086019999996779
6,1,011111,0,0.131,0.011652700000013283
6,1,011111,1,0.13475,0.011365900000043894
6,1,011111,2,0.13675,0.01137770000002547
6,1,011111,3,0.12925,0.010949499999981072
6,1,011111,4,0.13375,0.01236999999997579
6,1,100000,0,0.13475,0.011650299999985236
6,1,100000,1,0.13425,0.014601000000027398
6,1,100000,2,0.14325,0.011748000000011416
6,1,100000,3,0.13325,0.011632399999996323
6,1,100000,4,0.135,0.011633399999993799
6,1,100001,0,0.134,0.011110299999984363
6,1,100001,1,0.13475,0.011456400000042777
6,1,100001,2,0.143,0.011595900000031634
6,1,100001,3,0.1285,0.010936399999991409
6,1,100001,4,0.13525,0.011005599999975857
6,1,100010,0,0.13025,0.011635200000000623
6,1,100010,1,0.13625,0.011535900000012589
6,1,100010,2,0.14425,0.011675300000035804
6,1,100010,3,0.1325,0.01162189999996599
6,1,100010,4,0.134,0.011600499999985914
6,1,100011,0,0.13425,0.011119300000018484
6,1,100011,1,0.1355,0.01154950000000099
6,1,100011,2,0.14625,0.010868800000025658
6,1,100011,3,0.132,0.011067800000034822
6,1,100011,4,0.13325,0.01167409999999336
6,1,100100,0,0.135,0.011299099999973805
6,1,100100,1,0.13425,0.011141600000030394
6,1,100100,2,0.14325,0.01126329999999598
6,1,100100,3,0.129,0.010969600000009905
6,1,100100,4,0.1365,0.011562799999978779
6,1,100101,0,0.138,0.011805199999969318
6,1,100101,1,0.13275,0.010949299999992945
6,1,100101,2,0.14425,0.01139979999999241
6,1,100101,3,0.12975,0.010931799999980285
6,1,100101,4,0.13325,0.011259499999994205
6,1,100110,0,0.13625,0.010965499999997519
6,1,100110,1,0.133,0.011195299999997133
6,1,100110,2,0.14275,0.011715400000014142
6,1,100110,3,0.13275,0.011151299999994535
6,1,100110,4,0.1285,0.010960699999998269
6,1,100111,0,0.1385,0.011039900000014313
6,1,100111,1,0.13125,0.010420899999985522
6,1,100111,2,0.143,0.011132299999985662
6,1,100111,3,0.13325,0.01428920000000744
6,1,100111,4,0.12675,0.013905000000022483
6,1,101000,0,0.138,0.01044369999999617
6,1,101000,1,0.12575,0.011084200000027522
6,1,101000,2,0.139,0.01085449999999355
6,1,101000,3,0.13325,0.011026999999955933
6,1,101000,4,0.1255,0.010804500000006101
6,1,101001,0,0.1365,0.011022999999966032
6,1,101001,1,0.129,0.010969900000020516
6,1,101001,2,0.14025,0.01100709999997207
6,1,101001,3,0.13025,0.010425999999995383
6,1,101001,4,0.12375,0.010407699999973374
6,1,101010,0,0.13475,0.011751900000035675
6,1,101010,1,0.12875,0.011017499999979918
6,1,101010,2,0.14025,0.01092879999998786
6,1,101010,3,0.127,0.011162099999978636
6,1,101010,4,0.12425,0.010940599999969436
6,1,101011,0,0.1375,0.011199399999952675
6,1,101011,1,0.1315,0.011194499999987784
6,1,101011,2,0.14025,0.011289099999999053
6,1,101011,3,0.12675,0.011448400000006131
6,1,101011,4,0.12625,0.011581100000000788
6,1,101100,0,0.13925,0.011677700000007007
6,1,101100,1,0.129,0.010953799999981584
6,1,101100,2,0.13825,0.01159890000002406
6,1,101100,3,0.12775,0.011004800000023351
6,1,101100,4,0.1295,0.011607300000036957
6,1,101101,0,0.13675,0.011577400000021498
6,1,101101,1,0.1275,0.011353100000007998
6,1,101101,2,0.14075,0.014997500000049513
6,1,101101,3,0.12875,0.011662399999977424
6,1,101101,4,0.131,0.010847999999953117
6,1,101110,0,0.136,0.012803899999994428
6,1,101110,1,0.12725,0.011355699999967328
6,1,101110,2,0.14775,0.011502000000007229
6,1,101110,3,0.12625,0.011036300000000665
6,1,101110,4,0.13625,0.01123840000002474
6,1,101111,0,0.135,0.011754800000005616
6,1,101111,1,0.12975,0.01402309999997442
6,1,101111,2,0.14675,0.011561400000005051
6,1,101111,3,0.13025,0.011265699999967183
6,1,101111,4,0.143,0.011613100000033683
6,1,110000,0,0.13675,0.011697699999956512
6,1,110000,1,0.12825,0.01163090000000011
6,1,110000,2,0.1435,0.01168769999998176
6,1,110000,3,0.131,0.010964199999989432
6,1,110000,4,0.14425,0.01163480000002437
6,1,110001,0,0.13575,0.011174000000039541
6,1,110001,1,0.12875,0.011293800000032661
6,1,110001,2,0.14225,0.01123819999997977
6,1,110001,3,0.13025,0.011608099999989463
6,1,110001,4,0.14325,0.011258900000029826
6,1,110010,0,0.13825,0.011478799999963485
6,1,110010,1,0.136,0.011071499999957268
6,1,110010,2,0.14025,0.010974099999998543
6,1,110010,3,0.133,0.01095589999999902
6,1,110010,4,0.145,0.0106281999999851
6,1,110011,0,0.1425,0.011191999999994096
6,1,110011,1,0.1355,0.011389500000007047
6,1,110011,2,0.14075,0.011630600000046343
6,1,110011,3,0.1335,0.011616900000035457
6,1,110011,4,0.14525,0.011394499999994423
6,1,110100,0,0.14375,0.011142800000015995
6,1,110100,1,0.13925,0.01100450000001274
6,1,110100,2,0.1395,0.011395899999968151
6,1,110100,3,0.13675,0.011468799999988732
6,1,110100,4,0.145,0.011408300000027793
6,1,110101,0,0.14125,0.01143760000002203
6,1,110101,1,0.14125,0.010774500000025
6,1,110101,2,0.13575,0.010476100000005317
6,1,110101,3,0.13775,0.010265899999978956
6,1,110101,4,0.147,0.0103219000000081
6,1,110110,0,0.13925,0.011044400000002952
6,1,110110,1,0.14625,0.010210500000027878
6,1,110110,2,0.134,0.010402099999964776
6,1,110110,3,0.1335,0.011529300000006515
6,1,110110,4,0.14575,0.010375599999974838
6,1,110111,0,0.13825,0.01121130000001358
6,1,110111,1,0.1515,0.010845700000004399
6,1,110111,2,0.13,0.010917300000016894
6,1,110111,3,0.13475,0.010470100000020466
6,1,110111,4,0.14325,0.010452900000018417
6,1,111000,0,0.14025,0.01109630000001971
6,1,111000,1,0.15125,0.010574399999995876
6,1,111000,2,0.128,0.010358199999984663
6,1,111000,3,0.134,0.010545699999966018
6,1,111000,4,0.13975,0.010702999999978147
6,1,111001,0,0.139,0.011435700000049565
6,1,111001,1,0.1485,0.011461999999994532
6,1,111001,2,0.125,0.011395600000014383
6,1,111001,3,0.13275,0.012846700000011424
6,1,111001,4,0.138,0.011021299999981693
6,1,111010,0,0.14,0.011312500000030923
6,1,111010,1,0.14975,0.011585900000000038
6,1,111010,2,0.12725,0.011223500000028253
6,1,111010,3,0.13425,0.011262200000032863
6,1,111010,4,0.135,0.011388599999975213
6,1,111011,0,0.1405,0.011561700000015662
6,1,111011,1,0.15125,0.011559800000043197
6,1,111011,2,0.12775,0.011045700000011038
6,1,111011,3,0.13575,0.010995399999956135
6,1,111011,4,0.1345,0.011229600000035589
6,1,111100,0,0.14075,0.011202000000025691
6,1,111100,1,0.14875,0.011222599999996419
6,1,111100,2,0.126,0.01171289999996361
6,1,111100,3,0.13375,0.011610099999984413
6,1,111100,4,0.13475,0.011711400000024241
6,1,111101,0,0.138,0.011481000000003405
6,1,111101,1,0.14725,0.01166390000003048
6,1,111101,2,0.12925,0.011060100000008788
6,1,111101,3,0.13175,0.01095220000001973
6,1,111101,4,0.13125,0.011583700000016961
6,1,111110,0,0.13775,0.011844600000017635
6,1,111110,1,0.142,0.011771500000008928
6,1,111110,2,0.1295,0.01094740000002048
6,1,111110,3,0.133,0.011631299999976363
6,1,111110,4,0.12825,0.011604299999987688
6,1,111111,0,0.137,0.011239999999986594
6,1,111111,1,0.139,0.010778700000003028
6,1,111111,2,0.13,0.011138399999992998
6,1,111111,3,0.13425,0.011755199999981869
6,1,111111,4,0.12625,0.011063599999999951
6,6,000000,0,0.998,0.012930400000016107
6,6,000000,1,0.99725,0.012571900000011738
6,6,000000,2,0.99725,0.012589600000012524
6,6,000000,3,0.9975,0.012698400000033416
6,6,000000,4,0.996,0.0127793000000338
6,6,000001,0,0.9975,0.0122583000000418
6,6,000001,1,0.99725,0.0120668000000137
6,6,000001,2,0.997,0.011979099999962273
6,6,000001,3,0.99775,0.011958999999990283
6,6,000001,4,0.996,0.012338799999952244
6,6,000010,0,0.9975,0.012839699999972254
6,6,000010,1,0.997,0.011947099999986222
6,6,000010,2,0.997,0.01295530000004419
6,6,000010,3,0.99775,0.012026700000035362
6,6,000010,4,0.99625,0.012012000000027001
6,6,000011,0,0.99775,0.01279260000001159
6,6,000011,1,0.997,0.01232980000003181
6,6,000011,2,0.997,0.012016999999957534
6,6,000011,3,0.99775,0.012673500000005333
6,6,000011,4,0.9965,0.012411400000019057
6,6,000100,0,0.99775,0.012241500000016003
6,6,000100,1,0.997,0.01160379999998895
6,6,000100,2,0.997,0.01162010000001601
6,6,000100,3,0.99775,0.011612600000034945
6,6,000100,4,0.9965,0.011609099999986938
6,6,000101,0,0.99775,0.011850799999990613
6,6,000101,1,0.997,0.011716000000035365
6,6,000101,2,0.997,0.01144329999999627
6,6,000101,3,0.99775,0.011069700000007288
6,6,000101,4,0.9965,0.011831299999983003
6,6,000110,0,0.99775,0.011834899999996651
6,6,000110,1,0.997,0.011480500000004668
6,6,000110,2,0.997,0.011809299999981704
6,6,000110,3,0.99725,0.012086700000054407
6,6,000110,4,0.9965,0.011419300000000021
6,6,000111,0,0.99775,0.012229400000023816
6,6,000111,1,0.997,0.011542999999960557
6,6,000111,2,0.997,0.01267790000002833
6,6,000111,3,0.99725,0.012116000000048643
6,6,000111,4,0.99625,0.012851000000011936
6,6,001000,0,0.998,0.012398099999984424
6,6,001000,1,0.997,0.012761100000034276
6,6,001000,2,0.99725,0.012764500000002954
6,6,001000,3,0.99775,0.012548300000048584
6,6,001000,4,0.9965,0.012119600000005448
6,6,001001,0,0.998,0.012344799999993938
6,6,001001,1,0.997,0.01229879999999639
6,6,001001,2,0.997,0.01490939999996499
6,6,001001,3,0.99775,0.01270569999996951
6,6,001001,4,0.9965,0.012612499999988813
6,6,001010,0,0.998,0.012058599999988928
6,6,001010,1,0.997,0.012667199999953027
6,6,001010,2,0.99675,0.012080500000024585
6,6,001010,3,0.9975,0.012638900000013109
6,6,001010,4,0.9965,0.011857099999986076
6,6,001011,0,0.99825,0.012852400000042508
6,6,001011,1,0.9975,0.012490900000045713
6,6,001011,2,0.99675,0.012763900000038575
6,6,001011,3,0.9975,0.01225419999997257
6,6,001011,4,0.9965,0.012752000000034514
6,6,001100,0,0.99825,0.012823300000036397
6,6,001100,1,0.9975,0.012736599999982445
6,6,001100,2,0.99675,0.012121799999988525
6,6,001100,3,0.9975,0.012318900000025224
6,6,001100,4,0.99625,0.012472699999989345
6,6,001101,0,0.99825,0.013081099999965318
6,6,001101,1,0.9975,0.012465000000020154
6,6,001101,2,0.99675,0.012819200000024011
6,6,001101,3,0.9975,0.012388799999996536
6,6,001101,4,0.996,0.011935800000003383
6,6,001110,0,0.99825,0.013127800000006573
6,6,001110,1,0.9975,0.012556000000017775
6,6,001110,2,0.99675,0.012653900000032081
6,6,001110,3,0.9975,0.012471200000049976
6,6,001110,4,0.996,0.012797799999987092
6,6,001111,0,0.99825,0.013118699999949968
6,6,001111,1,0.9975,0.012366900000017722
6,6,001111,2,0.99675,0.012171700000010333
6,6,001111,3,0.9975,0.012185600000009345
6,6,001111,4,0.996,0.01265449999999646
6,6,010000,0,0.99825,0.012907299999994848
6,6,010000,1,0.9975,0.012001100000020415
6,6,010000,2,0.99675,0.012731299999984458
6,6,010000,3,0.99775,0.015596099999982016
6,6,010000,4,0.996,0.012722600000017792
6,6,010001,0,0.99825,0.012313800000015362
6,6,010001,1,0.99725,0.012299799999993866
6,6,010001,2,0.99675,0.011819399999978941
6,6,010001,3,0.99775,0.012299899999959507
6,6,010001,4,0.996,0.012686899999948764
6,6,010010,0,0.998,0.012277199999971344
6,6,010010,1,0.997,0.01173710000000483
6,6,010010,2,0.996,0.01168000000001257
6,6,010010,3,0.9975,0.011486999999988257
6,6,010010,4,0.996,0.012116400000024896
6,6,010011,0,0.998,0.017883900000015274
6,6,010011,1,0.997,0.016212199999984023
6,6,010011,2,0.996,0.011714500000039152
6,6,010011,3,0.9975,0.011461799999949562
6,6,010011,4,0.99625,0.01119779999999082
6,6,010100,0,0.998,0.012296999999989566
6,6,010100,1,0.997,0.01194789999999557
6,6,010100,2,0.996,0.01171390000001793
6,6,010100,3,0.9975,0.011573199999986628
6,6,010100,4,0.99625,0.011598800000001575
6,6,010101,0,0.99775,0.012121400000012272
6,6,010101,1,0.997,0.011467000000038752
6,6,010101,2,0.996,0.011734700000033627
6,6,010101,3,0.9975,0.011689300000000458
6,6,010101,4,0.9965,0.011644499999988511
6,6,010110,0,0.99775,0.012934400000006008
6,6,010110,1,0.99675,0.012414100000000872
6,6,010110,2,0.99625,0.015004999999973734
6,6,010110,3,0.99775,0.012617000000034295
6,6,010110,4,0.9965,0.012650699999994686
6,6,010111,0,0.99775,0.012744199999985995
6,6,010111,1,0.99675,0.012866299999984676
6,6,010111,2,0.99625,0.012572399999953632
6,6,010111,3,0.99775,0.01202610000001414
6,6,010111,4,0.9965,0.012770799999998417
6,6,011000,0,0.99775,0.013125600000023496
6,6,011000,1,0.99675,0.012778900000000704
6,6,011000,2,0.99625,0.012747999999987769
6,6,011000,3,0.99775,0.012813999999991665
6,6,011000,4,0.99675,0.012121800000045369
6,6,011001,0,0.99775,0.01664299999998775
6,6,011001,1,0.99675,0.0146485999999868
6,6,011001,2,0.99625,0.012957499999970423
6,6,011001,3,0.9975,0.0122883000000229
6,6,011001,4,0.99675,0.0125222000000349
6,6,011010,0,0.998,0.01259540000000925
6,6,011010,1,0.99675,0.012822700000015175
6,6,011010,2,0.99625,0.0121187999999961
6,6,011010,3,0.9975,0.012107800000023872
6,6,011010,4,0.99675,0.012177500000007058
6,6,011011,0,0.998,0.013088600000003225
6,6,011011,1,0.99675,0.012363900000025296
6,6,011011,2,0.99625,0.012563599999964481
6,6,011011,3,0.9975,0.012845599999991464
6,6,011011,4,0.99675,0.012293199999987792
6,6,011100,0,0.998,0.013088400000015099
6,6,011100,1,0.99675,0.012763899999981732
6,6,011100,2,0.99625,0.012211900000011155
6,6,011100,3,0.9975,0.011949700000002395
6,6,011100,4,0.99675,0.012393900000006397
6,6,011101,0,0.998,0.012311399999987316
6,6,011101,1,0.99675,0.01269430000002103
6,6,011101,2,0.99625,0.012779100000045673
6,6,011101,3,0.99775,0.012726499999985208
6,6,011101,4,0.99675,0.012110699999993813
6,6,011110,0,0.998,0.015449499999988348
6,6,011110,1,0.99675,0.015595499999960794
6,6,011110,2,0.9965,0.012508900000000267
6,6,011110,3,0.99775,0.012144400000011046
6,6,011110,4,0.9965,0.012233999999978096
6,6,011111,0,0.9975,0.012280099999998129
6,6,011111,1,0.9965,0.012616100000002461
6,6,011111,2,0.9965,0.014654800000016621
6,6,011111,3,0.99775,0.012472699999989345
6,6,011111,4,0.9965,0.013079899999979716
6,6,100000,0,0.9975,0.011825400000020636
6,6,100000,1,0.9965,0.011310499999979129
6,6,100000,2,0.99625,0.011974300000019866
6,6,100000,3,0.99775,0.015864700000008725
6,6,100000,4,0.9965,0.01066409999998541
6,6,100001,0,0.9975,0.011581299999988914
6,6,100001,1,0.9965,0.012163899999961814
6,6,100001,2,0.99625,0.011816800000019612
6,6,100001,3,0.99775,0.01173409999995556
6,6,100001,4,0.99675,0.012374399999998786
6,6,100010,0,0.99725,0.01561709999998584
6,6,100010,1,0.99675,0.014023899999983769
6,6,100010,2,0.99625,0.011605099999997037
6,6,100010,3,0.99775,0.011852699999963079
6,6,100010,4,0.99675,0.011592600000028597
6,6,100011,0,0.99725,0.012863000000038483
6,6,100011,1,0.997,0.012882500000046093
6,6,100011,2,0.99625,0.012226600000019516
6,6,100011,3,0.998,0.012137600000016846
6,6,100011,4,0.99675,0.014963300000033541
6,6,100100,0,0.99725,0.012264099999981681
6,6,100100,1,0.997,0.012589699999978166
6,6,100100,2,0.99625,0.012512200000003304
6,6,100100,3,0.998,0.01215180000002647
6,6,100100,4,0.99675,0.012713399999995545
6,6,100101,0,0.99725,0.01260789999997769
6,6,100101,1,0.997,0.01272679999999582
6,6,100101,2,0.9965,0.012260499999968033
6,6,100101,3,0.998,0.012491500000010092
6,6,100101,4,0.997,0.012041199999998753
6,6,100110,0,0.99725,0.01226769999999533
6,6,100110,1,0.997,0.012249299999950836
6,6,100110,2,0.9965,0.014105000000029122
6,6,100110,3,0.998,0.012649199999998473
6,6,100110,4,0.99725,0.0128093000000149
6,6,100111,0,0.997,0.012334500000008575
6,6,100111,1,0.997,0.01280619999999999
6,6,100111,2,0.9965,0.013003099999991719
6,6,100111,3,0.998,0.012320500000043921
6,6,100111,4,0.99725,0.012285399999996116
6,6,101000,0,0.997,0.012909199999967313
6,6,101000,1,0.99675,0.012830599999972492
6,6,101000,2,0.99625,0.012847599999986414
6,6,101000,3,0.99775,0.012746199999980945
6,6,101000,4,0.99725,0.012258900000006179
6,6,101001,0,0.99675,0.012805599999978767
6,6,101001,1,0.99675,0.012988800000016454
6,6,101001,2,0.99625,0.012489399999992656
6,6,101001,3,0.9975,0.01221459999999297
6,6,101001,4,0.99725,0.012512000000015178
6,6,101010,0,0.99675,0.012261499999965508
6,6,101010,1,0.997,0.012291999999945347
6,6,101010,2,0.99625,0.01226680000002034
6,6,101010,3,0.9975,0.012567000000046846
6,6,101010,4,0.99725,0.012859400000024834
6,6,101011,0,0.997,0.012469300000020667
6,6,101011,1,0.99725,0.012197800000024017
6,6,101011,2,0.99625,0.012621599999988575
6,6,101011,3,0.9975,0.01270759999999882
6,6,101011,4,0.997,0.012962899999990896
6,6,101100,0,0.997,0.0130896000000007
6,6,101100,1,0.99725,0.012731799999983195
6,6,101100,2,0.99625,0.012635799999998198
6,6,101100,3,0.9975,0.01262629999996534
6,6,101100,4,0.99675,0.012833699999987402
6,6,101101,0,0.997,0.012466799999970135
6,6,101101,1,0.99725,0.012329700000009325
6,6,101101,2,0.99625,0.01251719999999068
6,6,101101,3,0.9975,0.012647200000003522
6,6,101101,4,0.99725,0.01249659999996311
6,6,101110,0,0.99675,0.012406499999997322
6,6,101110,1,0.9975,0.013493999999980133
6,6,101110,2,0.99625,0.01226200000002109
6,6,101110,3,0.99725,0.013585200000022724
6,6,101110,4,0.99725,0.01214989999999716
6,6,101111,0,0.99675,0.018433499999957803
6,6,101111,1,0.9975,0.012121299999989787
6,6,101111,2,0.99625,0.012143700000024182
6,6,101111,3,0.99725,0.014464299999985997
6,6,101111,4,0.997,0.012732099999993807
6,6,110000,0,0.99675,0.012607699999989563
6,6,110000,1,0.99725,0.012472699999989345
6,6,110000,2,0.99625,0.013457299999970473
6,6,110000,3,0.997,0.011718599999994694
6,6,110000,4,0.997,0.01164219999998295
6,6,110001,0,0.99675,0.013212099999975635
6,6,110001,1,0.99725,0.013039999999989504
6,6,110001,2,0.99625,0.012448199999994358
6,6,110001,3,0.997,0.013369699999998375
6,6,110001,4,0.99725,0.012578199999950357
6,6,110010,0,0.9965,0.012529300000039711
6,6,110010,1,0.997,0.012582800000018324
6,6,110010,2,0.99625,0.012378099999978076
6,6,110010,3,0.997,0.012296099999957733
6,6,110010,4,0.99725,0.012715100000036728
6,6,110011,0,0.99675,0.012516000000005079
6,6,110011,1,0.99725,0.014550699999972494
6,6,110011,2,0.99625,0.013586099999997714
6,6,110011,3,0.997,0.012990300000012667
6,6,110011,4,0.99725,0.012346299999990151
6,6,110100,0,0.99675,0.013036899999974594
6,6,110100,1,0.99725,0.01258980000000065
6,6,110100,2,0.9965,0.012340499999993426
6,6,110100,3,0.997,0.012751799999989544
6,6,110100,4,0.9975,0.012372499999969477
6,6,110101,0,0.99675,0.012623099999984788
6,6,110101,1,0.99725,0.013053800000022875
6,6,110101,2,0.9965,0.012634800000000723
6,6,110101,3,0.997,0.012302500000032524
6,6,110101,4,0.9975,0.012603399999989051
6,6,110110,0,0.99675,0.012327500000026248
6,6,110110,1,0.99725,0.012758400000052461
6,6,110110,2,0.9965,0.012369799999987663
6,6,110110,3,0.99675,0.01237220000001571
6,6,110110,4,0.99775,0.01273169999996071
6,6,110111,0,0.99675,0.013143700000000536
6,6,110111,1,0.997,0.01236850000003642
6,6,110111,2,0.99625,0.012955599999997958
6,6,110111,3,0.99675,0.012292800000011539
6,6,110111,4,0.99775,0.012262500000019827
6,6,111000,0,0.99675,0.012641699999960565
6,6,111000,1,0.997,0.01230529999997998
6,6,111000,2,0.9965,0.012838199999976041
6,6,111000,3,0.9965,0.012283100000047398
6,6,111000,4,0.9975,0.012706900000011956
6,6,111001,0,0.99675,0.012961599999982809
6,6,111001,1,0.9965,0.012709499999971285
6,6,111001,2,0.99675,0.01278700000000299
6,6,111001,3,0.99675,0.01235300000001871
6,6,111001,4,0.9975,0.012777000000028238
6,6,111010,0,0.99675,0.012734000000023116
6,6,111010,1,0.9965,0.012227599999960148
6,6,111010,2,0.99675,0.012470199999995657
6,6,111010,3,0.99675,0.012510500000018965
6,6,111010,4,0.99775,0.01293020000002798
6,6,111011,0,0.9965,0.01281389999996918
6,6,111011,1,0.9965,0.012143499999979213
6,6,111011,2,0.99675,0.013237199999991844
6,6,111011,3,0.99675,0.01263130000000956
6,6,111011,4,0.99775,0.01251919999998563
6,6,111100,0,0.99625,0.012048100000015438
6,6,111100,1,0.9965,0.012725700000032703
6,6,111100,2,0.9965,0.011736600000006092
6,6,111100,3,0.99675,0.011252399999989393
6,6,111100,4,0.99775,0.011983900000018366
6,6,111101,0,0.996,0.011836200000004737
6,6,111101,1,0.9965,0.01162019999998165
6,6,111101,2,0.99625,0.014797700000031
6,6,111101,3,0.99675,0.011679899999990084
6,6,111101,4,0.9975,0.01155239999997093
6,6,111110,0,0.99575,0.012387099999955353
6,6,111110,1,0.9965,0.012265099999979157
6,6,111110,2,0.9965,0.01170630000001438
6,6,111110,3,0.99675,0.011801999999988766
6,6,111110,4,0.997,0.011778099999958158
6,6,111111,0,0.99575,0.012497499999994943
6,6,111111,1,0.9965,0.012250299999948311
6,6,111111,2,0.99625,0.012340999999992164
6,6,111111,3,0.99675,0.013043699999968794
6,6,111111,4,0.997,0.012766800000008516
7,1,0000000,0,0.071,0.011401400000011108
7,1,0000000,1,0.0705,0.011397900000019945
7,1,0000000,2,0.06975,0.011292299999979605
7,1,0000000,3,0.07025,0.011315300000035222
7,1,0000000,4,0.0615,0.011348099999963779
7,1,0000001,0,0.07,0.011569699999995464
7,1,0000001,1,0.0695,0.01144550000003619
7,1,0000001,2,0.0675,0.0114266999999586
7,1,0000001,3,0.0735,0.011377100000004248
7,1,0000001,4,0.06175,0.011778800000001866
7,1,0000010,0,0.07175,0.012440599999990809
7,1,0000010,1,0.0695,0.012284700000009252
7,1,0000010,2,0.0685,0.011381799999981013
7,1,0000010,3,0.07175,0.01189649999997755
7,1,0000010,4,0.06,0.012240999999960422
7,1,0000101,0,0.0725,0.01163539999998875
7,1,0000101,1,0.07325,0.01157269999998789
7,1,0000101,2,0.0645,0.011460699999986446
7,1,0000101,3,0.074,0.01136220000000776
7,1,0000101,4,0.0595,0.011419900000021244
7,1,0000111,0,0.07025,0.012069600000018
7,1,0000111,1,0.07175,0.011115399999994224
7,1,0000111,2,0.065,0.011667499999987285
7,1,0000111,3,0.07425,0.011211600000024191
7,1,0000111,4,0.063,0.011358299999983501
7,1,0001000,0,0.0675,0.012717999999949825
7,1,0001000,1,0.07125,0.01193340000003218
7,1,0001000,2,0.062,0.012317899999970905
7,1,0001000,3,0.06825,0.012261999999964246
7,1,0001000,4,0.063,0.011840300000017123
7,1,0001011,0,0.06575,0.012126599999987775
7,1,0001011,1,0.0695,0.0116113999999925
7,1,0001011,2,0.069,0.011340399999994588
7,1,0001011,3,0.0685,0.01210219999995843
7,1,0001011,4,0.07075,0.010507099999983893
7,1,0001111,0,0.067,0.01155850000003511
7,1,0001111,1,0.068,0.011378500000034819
7,1,0001111,2,0.064,0.011248299999977007
7,1,0001111,3,0.077,0.011255500000004304
7,1,0001111,4,0.0775,0.011604400000010173
7,1,0010001,0,0.06975,0.011941000000035729
7,1,0010001,1,0.06775,0.011428399999999783
7,1,0010001,2,0.06375,0.011422799999991184
7,1,0010001,3,0.076,0.011328800000001138
7,1,0010001,4,0.07275,0.011452600000041002
7,1,0010101,0,0.0745,0.011749500000007629
7,1,0010101,1,0.07025,0.012164200000029268
7,1,0010101,2,0.0645,0.011409799999967163
7,1,0010101,3,0.073,0.011845100000016373
7,1,0010101,4,0.0715,0.01198629999998957
7,1,0011000,0,0.07475,0.012281599999994341
7,1,0011000,1,0.068,0.01093279999997776
7,1,0011000,2,0.06475,0.011110200000018722
7,1,0011000,3,0.0705,0.011296299999969506
7,1,0011000,4,0.0735,0.01085760000000846
7,1,0011001,0,0.07525,0.011152600000002622
7,1,0011001,1,0.06925,0.011240799999995943
7,1,0011001,2,0.067,0.011600700000030884
7,1,0011001,3,0.06725,0.011810300000036023
7,1,0011001,4,0.07175,0.01072790000000623
7,1,0011011,0,0.07525,0.011311200000022836
7,1,0011011,1,0.0695,0.010642100000040955
7,1,0011011,2,0.07175,0.010798000000022512
7,1,0011011,3,0.06825,0.010514599999964958
7,1,0011011,4,0.07775,0.010778399999992416
7,1,0011100,0,0.07575,0.01439060000001291
7,1,0011100,1,0.0685,0.011846600000012586
7,1,0011100,2,0.075,0.011414599999966413
7,1,0011100,3,0.06675,0.01191879999998946
7,1,0011100,4,0.0765,0.011347800000010011
7,1,0011101,0,0.0745,0.011281899999971756
7,1,0011101,1,0.0655,0.011802199999976892
7,1,0011101,2,0.072,0.011388699999997698
7,1,0011101,3,0.06525,0.011363399999993362
7,1,0011101,4,0.07725,0.011452500000018517
7,1,0011110,0,0.0715,0.011463800000001356
7,1,0011110,1,0.066,0.01130659999995487
7,1,0011110,2,0.0735,0.012212899999951787
7,1,0011110,3,0.065,0.011340200000006462
7,1,0011110,4,0.07775,0.011239799999998468
7,1,0100010,0,0.06525,0.012519499999996242
7,1,0100010,1,0.0645,0.011392200000045705
7,1,0100010,2,0.07375,0.012210100000004331
7,1,0100010,3,0.0625,0.011870999999985088
7,1,0100010,4,0.0705,0.011207000000013068
7,1,0100011,0,0.06475,0.012521900000024289
7,1,0100011,1,0.06125,0.012016199999948185
7,1,0100011,2,0.0715,0.011418500000047516
7,1,0100011,3,0.0645,0.011873199999968165
7,1,0100011,4,0.07,0.01138599999995904
7,1,0100100,0,0.0665,0.011580799999990177
7,1,0100100,1,0.06625,0.011882400000047255
7,1,0100100,2,0.0695,0.012066000000004351
7,1,0100100,3,0.064,0.01138599999995904
7,1,0100100,4,0.0675,0.011985199999969609
7,1,0100110,0,0.06625,0.012471199999993132
7,1,0100110,1,0.06825,0.011287799999990966
7,1,0100110,2,0.069,0.01197279999996681
7,1,0100110,3,0.06625,0.011447999999973035
7,1,0100110,4,0.065,0.011622400000021571
7,1,0100111,0,0.06475,0.012478200000032302
7,1,0100111,1,0.06825,0.011880899999994199
7,1,0100111,2,0.07025,0.011247500000024502
7,1,0100111,3,0.06475,0.01191110000002027
7,1,0100111,4,0.06475,0.011818000000005213
7,1,0101010,0,0.065,0.012349299999982577
7,1,0101010,1,0.06775,0.011574199999984103
7,1,0101010,2,0.072,0.01149440000000368
7,1,0101010,3,0.06675,0.011394499999994423
7,1,0101010,4,0.068,0.011544999999955508
7,1,0101011,0,0.0645,0.01245049999999992
7,1,0101011,1,0.06925,0.011293799999975818
7,1,0101011,2,0.07225,0.012196300000027804
7,1,0101011,3,0.0685,0.011243100000001505
7,1,0101011,4,0.069,0.011301899999978104
7,1,0101101,0,0.063,0.012192700000014156
7,1,0101101,1,0.0695,0.01136220000000776
7,1,0101101,2,0.075,0.012245500000005904
7,1,0101101,3,0.0655,0.012200899999982084
7,1,0101101,4,0.064,0.015086300000007213
7,1,0101111,0,0.064,0.009567500000002838
7,1,0101111,1,0.065,0.01127299999996012
7,1,0101111,2,0.0715,0.011857200000008561
7,1,0101111,3,0.0685,0.010396499999956177
7,1,0101111,4,0.0645,0.010922199999981785
7,1,0110000,0,0.06575,0.011330699999973604
7,1,0110000,1,0.06575,0.01142210000000432
7,1,0110000,2,0.071,0.011347999999998137
7,1,0110000,3,0.07125,0.010533000000009451
7,1,0110000,4,0.06625,0.010722400000020116
7,1,0110001,0,0.07275,0.011188000000004195
7,1,0110001,1,0.06975,0.012389299999995274
7,1,0110001,2,0.0705,0.014457899999968049
7,1,0110001,3,0.07075,0.010980099999983395
7,1,0110001,4,0.06825,0.01059450000002471
7,1,0110011,0,0.07525,0.011229099999980008
7,1,0110011,1,0.0715,0.011827700000026198
7,1,0110011,2,0.06725,0.011109099999998762
7,1,0110011,3,0.0685,0.011529300000006515
7,1,0110011,4,0.06675,0.01239829999997255
7,1,0110100,0,0.07425,0.011468900000011217
7,1,0110100,1,0.069,0.011687700000038603
7,1,0110100,2,0.069,0.011271999999962645
7,1,0110100,3,0.072,0.011862899999982801
7,1,0110100,4,0.06125,0.011497899999994843
7,1,0110101,0,0.07425,0.011776399999973819
7,1,0110101,1,0.06675,0.012171299999977236
7,1,0110101,2,0.071,0.01207139999996798
7,1,0110101,3,0.07275,0.011354000000039832
7,1,0110101,4,0.0625,0.012058200000012675
7,1,0110110,0,0.07425,0.011653000000023894
7,1,0110110,1,0.067,0.011508800000001429
7,1,0110110,2,0.0685,0.011538099999995666
7,1,0110110,3,0.07625,0.011370199999987562
7,1,0110110,4,0.0645,0.016288799999983894
7,1,0110111,0,0.076,0.012037200000008852
7,1,0110111,1,0.06825,0.011493799999982457
7,1,0110111,2,0.06825,0.012054499999976542
7,1,0110111,3,0.0775,0.011999299999956747
7,1,0110111,4,0.0645,0.011579900000015186
7,1,0111000,0,0.07625,0.01225610000000188
7,1,0111000,1,0.06825,0.011575300000004063
7,1,0111000,2,0.06725,0.011375699999973676
7,1,0111000,3,0.0755,0.011180599999988772
7,1,0111000,4,0.064,0.011311700000021574
7,1,0111010,0,0.06925,0.01199309999998377
7,1,0111010,1,0.068,0.011381000000028507
7,1,0111010,2,0.071,0.012095600000009199
7,1,0111010,3,0.076,0.012645600000041668
7,1,0111010,4,0.066,0.012344400000017686
7,1,0111101,0,0.06875,0.01285760000001801
7,1,0111101,1,0.07175,0.012394099999994523
7,1,0111101,2,0.067,0.011579500000038934
7,1,0111101,3,0.074,0.012048399999969206
7,1,0111101,4,0.0665,0.011521700000002966
7,1,1000000,0,0.071,0.011629500000026383
7,1,1000000,1,0.0715,0.011537299999986317
7,1,1000000,2,0.06525,0.01212359999999535
7,1,1000000,3,0.0715,0.011355100000002949
7,1,1000000,4,0.069,0.01126329999999598
7,1,1000010,0,0.0675,0.012006100000007791
7,1,1000010,1,0.074,0.011262099999953534
7,1,1000010,2,0.06225,0.011589500000013686
7,1,1000010,3,0.076,0.011346199999991313
7,1,1000010,4,0.071,0.012259699999958684
7,1,1000110,0,0.063,0.01212929999996959
7,1,1000110,1,0.073,0.012158899999974437
7,1,1000110,2,0.0655,0.011282499999992979
7,1,1000110,3,0.0775,0.011828499999978703
7,1,1000110,4,0.0735,0.011803600000007464
7,1,1000111,0,0.06375,0.011077800000009574
7,1,1000111,1,0.07025,0.011356200000022909
7,1,1000111,2,0.06875,0.011376900000016121
7,1,1000111,3,0.07525,0.010716500000000906
7,1,1000111,4,0.07475,0.010762999999997191
7,1,1001000,0,0.0635,0.011238999999989119
7,1,1001000,1,0.073,0.010859200000027158
7,1,1001000,2,0.0685,0.010765699999979006
7,1,1001000,3,0.0735,0.011276500000008127
7,1,1001000,4,0.07475,0.011529599999960283
7,1,1001001,0,0.063,0.011778499999991254
7,1,1001001,1,0.073,0.010636000000033619
7,1,1001001,2,0.07275,0.011435300000016468
7,1,1001001,3,0.0745,0.011942299999986972
7,1,1001001,4,0.074,0.010584499999993113
7,1,1001010,0,0.06075,0.012012499999968895
7,1,1001010,1,0.07425,0.012115699999981189
7,1,1001010,2,0.074,0.012205499999993208
7,1,1001010,3,0.0735,0.011837799999966592
7,1,1001010,4,0.07625,0.012273499999992055
7,1,1001011,0,0.062,0.011664399999972375
7,1,1001011,1,0.073,0.011493700000016815
7,1,1001011,2,0.0765,0.011087799999984327
7,1,1001011,3,0.07,0.012113900000031208
7,1,1001011,4,0.07225,0.011834099999987302
7,1,1001111,0,0.0705,0.011346500000001924
7,1,1001111,1,0.07125,0.012223400000038964
7,1,1001111,2,0.076,0.011379999999974189
7,1,1001111,3,0.0665,0.011364200000002711
7,1,1001111,4,0.0705,0.011849600000005012
7,1,1010110,0,0.07225,0.012277400000016314
7,1,1010110,1,0.0665,0.011775999999997566
7,1,1010110,2,0.07725,0.012172000000020944
7,1,1010110,3,0.0605,0.011368199999992612
7,1,1010110,4,0.0685,0.011434100000030867
7,1,1010111,0,0.0685,0.011959600000011505
7,1,1010111,1,0.06925,0.01196399999997766
7,1,1010111,2,0.07625,0.011335700000017823
7,1,1010111,3,0.06275,0.012001999999995405
7,1,1010111,4,0.0695,0.012126300000034007
7,1,1011010,0,0.071,0.01169470000002093
7,1,1011010,1,0.07475,0.011514900000008765
7,1,1011010,2,0.0775,0.012095199999976103
7,1,1011010,3,0.0605,0.011311500000033448
7,1,1011010,4,0.07025,0.011720900000000256
7,1,1011101,0,0.074,0.011387100000035844
7,1,1011101,1,0.07725,0.011442200000033154
7,1,1011101,2,0.0725,0.011953399999981684
7,1,1011101,3,0.06325,0.011581699999965167
7,1,1011101,4,0.06825,0.012120499999980439
7,1,1011110,0,0.0735,0.012035300000036386
7,1,1011110,1,0.07725,0.011510100000009515
7,1,1011110,2,0.072,0.012276400000018839
7,1,1011110,3,0.065,0.012190300000042953
7,1,1011110,4,0.06725,0.012218200000006618
7,1,1100000,0,0.07,0.012479799999994157
7,1,1100000,1,0.0805,0.011651400000005196
7,1,1100000,2,0.07275,0.012062399999990703
7,1,1100000,3,0.068,0.011905799999965438
7,1,1100000,4,0.06725,0.012282599999991817
7,1,1100011,0,0.07125,0.012229199999978846
7,1,1100011,1,0.0725,0.012144599999999173
7,1,1100011,2,0.0705,0.011127499999986412
7,1,1100011,3,0.06725,0.011339600000042083
7,1,1100011,4,0.063,0.01223490000000993
7,1,1100100,0,0.07025,0.011707100000023729
7,1,1100100,1,0.07075,0.011570500000004813
7,1,1100100,2,0.0705,0.011819599999967068
7,1,1100100,3,0.0645,0.012127200000008997
7,1,1100100,4,0.0635,0.012049499999989166
7,1,1100110,0,0.07,0.011108700000022509
7,1,1100110,1,0.06825,0.011544299999968644
7,1,1100110,2,0.0715,0.011351900000022397
7,1,1100110,3,0.06325,0.010790499999984604
7,1,1100110,4,0.065,0.010724900000013804
7,1,1100111,0,0.0705,0.011623199999974076
7,1,1100111,1,0.068,0.010707699999954912
7,1,1100111,2,0.07025,0.010674099999960163
7,1,1100111,3,0.06625,0.011348499999996875
7,1,1100111,4,0.065,0.011648199999967801
7,1,1101000,0,0.0695,0.011913400000025831
7,1,1101000,1,0.065,0.010778700000003028
7,1,1101000,2,0.0695,0.010846499999956905
7,1,1101000,3,0.06375,0.011768599999982143
7,1,1101000,4,0.0645,0.011376799999993636
7,1,1101001,0,0.06775,0.012008499999978994
7,1,1101001,1,0.06325,0.011940799999990759
7,1,1101001,2,0.0695,0.011600499999985914
7,1,1101001,3,0.065,0.010963500000002568
7,1,1101001,4,0.06275,0.011651900000003934
7,1,1101010,0,0.06725,0.011771400000043286
7,1,1101010,1,0.06125,0.011995600000034301
7,1,1101010,2,0.06725,0.014273400000035963
7,1,1101010,3,0.065,0.011931899999979123
7,1,1101010,4,0.06425,0.011795199999994566
7,1,1101111,0,0.064,0.012093199999981152
7,1,1101111,1,0.05725,0.011854299999981777
7,1,1101111,2,0.06075,0.013962400000025355
7,1,1101111,3,0.0665,0.011397900000019945
7,1,1101111,4,0.0675,0.011099700000045232
7,1,1110000,0,0.06475,0.011776899999972557
7,1,1110000,1,0.0575,0.013989299999991545
7,1,1110000,2,0.064,0.012462599999992108
7,1,1110000,3,0.067,0.010802999999953045
7,1,1110000,4,0.06525,0.012035699999955796
7,1,1110101,0,0.068,0.011833200000012312
7,1,1110101,1,0.0605,0.01193430000000717
7,1,1110101,2,0.05925,0.011231099999974958
7,1,1110101,3,0.07275,0.011240700000030301
7,1,1110101,4,0.0665,0.011418500000047516
7,1,1110110,0,0.07175,0.01151759999999058
7,1,1110110,1,0.062,0.012294900000028974
7,1,1110110,2,0.05875,0.011538299999983792
7,1,1110110,3,0.06925,0.01212759999998525
7,1,1110110,4,0.0685,0.011451299999976072
7,1,1111011,0,0.069,0.011783000000036736
7,1,1111011,1,0.066,0.012289099999975406
7,1,1111011,2,0.0605,0.011663800000007996
7,1,1111011,3,0.064,0.01142010000000937
7,1,1111011,4,0.073,0.011870799999996962
7,1,1111100,0,0.066,0.012176499999952739
7,1,1111100,1,0.0675,0.011907000000007884
7,1,1111100,2,0.06425,0.010895399999981237
7,1,1111100,3,0.062,0.011324100000024373
7,1,1111100,4,0.07525,0.01120149999997011
7,1,1111101,0,0.06575,0.012141999999983
7,1,1111101,1,0.067,0.012433299999997871
7,1,1111101,2,0.06575,0.011915799999997034
7,1,1111101,3,0.063,0.011425200000019231
7,1,1111101,4,0.07425,0.0118069000000105
7,8,0000000,0,0.995,0.013467499999990196
7,8,0000000,1,0.99525,0.013272900000004029
7,8,0000000,2,0.9965,0.01258949999999004
7,8,0000000,3,0.9935,0.012931200000025456
7,8,0000000,4,0.99525,0.012911700000017845
7,8,0000001,0,0.995,0.014278999999987718
7,8,0000001,1,0.99525,0.013998999999955686
7,8,0000001,2,0.9965,0.01149819999994861
7,8,0000001,3,0.9935,0.012930399999959263
7,8,0000001,4,0.9955,0.012349200000016936
7,8,0000010,0,0.995,0.013594599999976253
7,8,0000010,1,0.99525,0.013011199999994005
7,8,0000010,2,0.9965,0.01281499999998914
7,8,0000010,3,0.9935,0.012588800000003175
7,8,0000010,4,0.9955,0.0130336000000284
7,8,0000101,0,0.995,0.013197699999977885
7,8,0000101,1,0.995,0.013076300000022911
7,8,0000101,2,0.9965,0.012467099999980746
7,8,0000101,3,0.994,0.013143300000024283
7,8,0000101,4,0.9955,0.014622199999962504
7,8,0000111,0,0.995,0.012742899999977908
7,8,0000111,1,0.995,0.013031299999965995
7,8,0000111,2,0.99675,0.013344299999971554
7,8,0000111,3,0.994,0.013605699999970966
7,8,0000111,4,0.99525,0.012212500000032378
7,8,0001000,0,0.995,0.013278500000012627
7,8,0001000,1,0.995,0.013155200000028344
7,8,0001000,2,0.99675,0.013567200000011326
7,8,0001000,3,0.994,0.013753000000008342
7,8,0001000,4,0.99525,0.012960099999986596
7,8,0001011,0,0.995,0.013582700000029035
7,8,0001011,1,0.99475,0.01304410000000189
7,8,0001011,2,0.9965,0.013071299999978692
7,8,0001011,3,0.994,0.01286720000001651
7,8,0001011,4,0.99525,0.01292099999994889
7,8,0001111,0,0.99475,0.013258100000030026
7,8,0001111,1,0.99475,0.013050299999974868
7,8,0001111,2,0.9965,0.013688899999976911
7,8,0001111,3,0.99425,0.01287400000001071
7,8,0001111,4,0.99575,0.013473499999975047
7,8,0010001,0,0.99475,0.013987400000019079
7,8,0010001,1,0.9945,0.013674200000025394
7,8,0010001,2,0.9965,0.013896099999954004
7,8,0010001,3,0.9945,0.013027599999986705
7,8,0010001,4,0.996,0.012906100000009246
7,8,0010101,0,0.995,0.01325850000000628
7,8,0010101,1,0.994,0.013666899999975612
7,8,0010101,2,0.9965,0.013777100000027076
7,8,0010101,3,0.99425,0.013509199999987231
7,8,0010101,4,0.996,0.013125999999999749
7,8,0011000,0,0.995,0.013549900000043635
7,8,0011000,1,0.994,0.012614199999973152
7,8,0011000,2,0.9965,0.013154600000007122
7,8,0011000,3,0.99525,0.013228199999957724
7,8,0011000,4,0.99575,0.013379000000043106
7,8,0011001,0,0.995,0.013987400000019079
7,8,0011001,1,0.994,0.013398399999971389
7,8,0011001,2,0.9965,0.013613099999986389
7,8,0011001,3,0.99525,0.014462400000013531
7,8,0011001,4,0.99575,0.013146300000016709
7,8,0011011,0,0.995,0.012833499999999276
7,8,0011011,1,0.99425,0.013947099999995771
7,8,0011011,2,0.9965,0.013602199999979803
7,8,0011011,3,0.99525,0.013409800000033556
7,8,0011011,4,0.99575,0.013732699999991382
7,8,0011100,0,0.99475,0.013359899999954905
7,8,0011100,1,0.994,0.012609800000006999
7,8,0011100,2,0.9965,0.013279599999975744
7,8,0011100,3,0.99525,0.01402589999997872
7,8,0011100,4,0.9955,0.013870899999972153
7,8,0011101,0,0.99475,0.013003299999979845
7,8,0011101,1,0.994,0.01354190000000699
7,8,0011101,2,0.9965,0.01269910000002028
7,8,0011101,3,0.9955,0.013132199999972727
7,8,0011101,4,0.9955,0.013623800000004849
7,8,0011110,0,0.99475,0.013512900000023365
7,8,0011110,1,0.994,0.012868500000024596
7,8,0011110,2,0.99625,0.012960299999974723
7,8,0011110,3,0.9955,0.012938999999960288
7,8,0011110,4,0.9955,0.013580400000023474
7,8,0100010,0,0.99475,0.013343500000019048
7,8,0100010,1,0.9945,0.012601899999992838
7,8,0100010,2,0.99625,0.012859900000023572
7,8,0100010,3,0.99525,0.012744599999962247
7,8,0100010,4,0.99525,0.013028899999994792
7,8,0100011,0,0.99475,0.014470299999970848
7,8,0100011,1,0.9945,0.01264009999999871
7,8,0100011,2,0.9965,0.01303530000001274
7,8,0100011,3,0.99525,0.013388899999995374
7,8,0100011,4,0.99525,0.012742800000012267
7,8,0100100,0,0.9945,0.013445100000012644
7,8,0100100,1,0.9945,0.014103799999986677
7,8,0100100,2,0.9965,0.01380970000002435
7,8,0100100,3,0.995,0.012998699999968721
7,8,0100100,4,0.99525,0.013967600000000857
7,8,0100110,0,0.994,0.015331600000024537
7,8,0100110,1,0.9945,0.013944600000002083
7,8,0100110,2,0.99625,0.014116600000022572
7,8,0100110,3,0.99525,0.015758100000027753
7,8,0100110,4,0.995,0.014834000000007563
7,8,0100111,0,0.994,0.014377400000000762
7,8,0100111,1,0.9945,0.012892599999986487
7,8,0100111,2,0.99625,0.013866199999995388
7,8,0100111,3,0.99525,0.014064799999971456
7,8,0100111,4,0.99525,0.01312540000003537
7,8,0101010,0,0.994,0.013607200000024022
7,8,0101010,1,0.9945,0.013224800000045889
7,8,0101010,2,0.996,0.013214599999969323
7,8,0101010,3,0.995,0.013263899999969908
7,8,0101010,4,0.9955,0.01325459999998202
7,8,0101011,0,0.994,0.0135246000000393
7,8,0101011,1,0.9945,0.013661399999989499
7,8,0101011,2,0.996,0.013991499999974621
7,8,0101011,3,0.995,0.013200199999971574
7,8,0101011,4,0.9955,0.013748200000009092
7,8,0101101,0,0.99425,0.013731399999983296
7,8,0101101,1,0.9945,0.012917700000002696
7,8,0101101,2,0.996,0.013038800000003903
7,8,0101101,3,0.995,0.014257099999952061
7,8,0101101,4,0.99575,0.013683000000014545
7,8,0101111,0,0.9945,0.013717600000006769
7,8,0101111,1,0.99475,0.013627000000042244
7,8,0101111,2,0.996,0.01354300000002695
7,8,0101111,3,0.995,0.01376229999999623
7,8,0101111,4,0.9955,0.013764199999968696
7,8,0110000,0,0.9945,0.014782099999990805
7,8,0110000,1,0.99475,0.014222599999982322
7,8,0110000,2,0.996,0.013681099999985236
7,8,0110000,3,0.995,0.013856700000019373
7,8,0110000,4,0.99525,0.013249500000029002
7,8,0110001,0,0.9945,0.014716500000020005
7,8,0110001,1,0.99475,0.013898000000040156
7,8,0110001,2,0.996,0.013941799999997784
7,8,0110001,3,0.995,0.01361530000002631
7,8,0110001,4,0.99525,0.014275199999985944
7,8,0110011,0,0.994,0.01398829999999407
7,8,0110011,1,0.9945,0.01341619999999466
7,8,0110011,2,0.996,0.01335519999997814
7,8,0110011,3,0.995,0.013532800000007228
7,8,0110011,4,0.99525,0.013902500000028795
7,8,0110100,0,0.994,0.013329300000009425
7,8,0110100,1,0.99425,0.012600099999986014
7,8,0110100,2,0.996,0.012947999999994408
7,8,0110100,3,0.995,0.012717000000009193
7,8,0110100,4,0.99525,0.012758800000028714
7,8,0110101,0,0.99425,0.013177300000052128
7,8,0110101,1,0.99425,0.013162700000009409
7,8,0110101,2,0.996,0.012474399999973684
7,8,0110101,3,0.99525,0.011789500000020325
7,8,0110101,4,0.99525,0.012938899999994646
7,8,0110110,0,0.99425,0.012990500000000793
7,8,0110110,1,0.99425,0.013178199999970275
7,8,0110110,2,0.996,0.01343850000000657
7,8,0110110,3,0.995,0.01316780000001927
7,8,0110110,4,0.99525,0.012781700000005003
7,8,0110111,0,0.9945,0.013030200000002878
7,8,0110111,1,0.99425,0.012791199999981018
7,8,0110111,2,0.996,0.01325880000001689
7,8,0110111,3,0.995,0.012778999999966345
7,8,0110111,4,0.99525,0.013561299999992116
7,8,0111000,0,0.9945,0.014399300000036419
7,8,0111000,1,0.99425,0.01390920000000051
7,8,0111000,2,0.996,0.013115700000014385
7,8,0111000,3,0.99475,0.01368800000000192
7,8,0111000,4,0.99525,0.013937899999973524
7,8,0111010,0,0.99475,0.013918399999965914
7,8,0111010,1,0.99425,0.013626299999998537
7,8,0111010,2,0.996,0.014453300000013769
7,8,0111010,3,0.99475,0.0166381999999885
7,8,0111010,4,0.99525,0.014402500000016971
7,8,0111101,0,0.995,0.014477099999965048
7,8,0111101,1,0.9945,0.013695200000029217
7,8,0111101,2,0.99575,0.013235500000007505
7,8,0111101,3,0.99475,0.013096599999983027
7,8,0111101,4,0.99525,0.013056899999980942
7,8,1000000,0,0.995,0.013658799999973326
7,8,1000000,1,0.99475,0.012451199999986784
7,8,1000000,2,0.99575,0.01759590000000344
7,8,1000000,3,0.9945,0.014358399999991889
7,8,1000000,4,0.99525,0.013877199999967615
7,8,1000010,0,0.995,0.013611599999990176
7,8,1000010,1,0.99475,0.013524599999982456
7,8,1000010,2,0.996,0.013641900000038731
7,8,1000010,3,0.99475,0.01368659999997135
7,8,1000010,4,0.995,0.013351000000000113
7,8,1000110,0,0.99475,0.014650000000017371
7,8,1000110,1,0.995,0.013718199999971148
7,8,1000110,2,0.996,0.014313000000015563
7,8,1000110,3,0.99475,0.013318299999980354
7,8,1000110,4,0.995,0.013370199999997112
7,8,1000111,0,0.995,0.013685799999962
7,8,1000111,1,0.99475,0.014036300000043411
7,8,1000111,2,0.996,0.013792300000034174
7,8,1000111,3,0.99475,0.01622229999998126
7,8,1000111,4,0.995,0.013852699999972629
7,8,1001000,0,0.99475,0.01408889999999019
7,8,1001000,1,0.99475,0.01341810000002397
7,8,1001000,2,0.996,0.013614899999993213
7,8,1001000,3,0.99475,0.013535400000023401
7,8,1001000,4,0.995,0.013659899999993286
7,8,1001001,0,0.99475,0.013591200000007575
7,8,1001001,1,0.99475,0.013938399999972262
7,8,1001001,2,0.996,0.01428809999998748
7,8,1001001,3,0.99475,0.013598600000022998
7,8,1001001,4,0.995,0.014253800000005867
7,8,1001010,0,0.99475,0.013839400000051683
7,8,1001010,1,0.99475,0.012707500000033178
7,8,1001010,2,0.996,0.012442299999975148
7,8,1001010,3,0.995,0.01269820000004529
7,8,1001010,4,0.995,0.01388489999999365
7,8,1001011,0,0.9945,0.0131579999999758
7,8,1001011,1,0.9945,0.012772600000005241
7,8,1001011,2,0.99575,0.013392199999998411
7,8,1001011,3,0.99525,0.013075099999980466
7,8,1001011,4,0.995,0.012643500000024233
7,8,1001111,0,0.99425,0.013277099999982056
7,8,1001111,1,0.9955,0.014350900000010824
7,8,1001111,2,0.99575,0.013068599999996877
7,8,1001111,3,0.9955,0.014797900000019126
7,8,1001111,4,0.995,0.013570399999991878
7,8,1010110,0,0.994,0.01321879999994735
7,8,1010110,1,0.99525,0.013395900000034544
7,8,1010110,2,0.9955,0.014098999999987427
7,8,1010110,3,0.99525,0.013357700000028672
7,8,1010110,4,0.995,0.016686699999979737
7,8,1010111,0,0.994,0.013805899999965732
7,8,1010111,1,0.99525,0.013669700000036755
7,8,1010111,2,0.9955,0.014067500000010114
7,8,1010111,3,0.995,0.014023699999995642
7,8,1010111,4,0.995,0.0134670999999571
7,8,1011010,0,0.99425,0.015748299999984283
7,8,1011010,1,0.995,0.0137953000000266
7,8,1011010,2,0.9955,0.013590099999987615
7,8,1011010,3,0.995,0.013923499999975775
7,8,1011010,4,0.995,0.014155399999992824
7,8,1011101,0,0.99425,0.013603400000022248
7,8,1011101,1,0.9955,0.013520500000026914
7,8,1011101,2,0.9955,0.013971200000014505
7,8,1011101,3,0.995,0.013316099999997277
7,8,1011101,4,0.995,0.01350779999995666
7,8,1011110,0,0.99425,0.014769999999998618
7,8,1011110,1,0.99525,0.017230799999992996
7,8,1011110,2,0.9955,0.013168399999983649
7,8,1011110,3,0.995,0.013828100000012
7,8,1011110,4,0.9955,0.01383859999998549
7,8,1100000,0,0.99425,0.013614100000040708
7,8,1100000,1,0.99525,0.014014300000042113
7,8,1100000,2,0.9955,0.014041399999996429
7,8,1100000,3,0.995,0.013631299999985913
7,8,1100000,4,0.99575,0.014134099999978389
7,8,1100011,0,0.99425,0.013904500000023745
7,8,1100011,1,0.99525,0.013623499999994237
7,8,1100011,2,0.9955,0.013813300000037998
7,8,1100011,3,0.995,0.01431239999999434
7,8,1100011,4,0.9955,0.013611300000036408
7,8,1100100,0,0.99425,0.01384250000000975
7,8,1100100,1,0.99525,0.014940099999989798
7,8,1100100,2,0.9955,0.014089099999978316
7,8,1100100,3,0.99525,0.013417800000013358
7,8,1100100,4,0.9955,0.01386659999997164
7,8,1100110,0,0.99425,0.014307900000005702
7,8,1100110,1,0.99525,0.01406090000000404
7,8,1100110,2,0.9955,0.013353800000004412
7,8,1100110,3,0.9955,0.013330600000017512
7,8,1100110,4,0.99575,0.014224600000034116
7,8,1100111,0,0.99425,0.013445999999987635
7,8,1100111,1,0.99525,0.014086299999974017
7,8,1100111,2,0.9955,0.013991700000019591
7,8,1100111,3,0.99575,0.014109599999983402
7,8,1100111,4,0.99575,0.014295500000002903
7,8,1101000,0,0.9945,0.013775799999962146
7,8,1101000,1,0.995,0.014199299999972936
7,8,1101000,2,0.9955,0.012776400000007015
7,8,1101000,3,0.99575,0.01296300000001338
7,8,1101000,4,0.99575,0.01347920000000613
7,8,1101001,0,0.9945,0.013684600000033242
7,8,1101001,1,0.99475,0.013330499999995027
7,8,1101001,2,0.9955,0.012866400000007161
7,8,1101001,3,0.99575,0.013743999999974221
7,8,1101001,4,0.99575,0.013069799999982479
7,8,1101010,0,0.9945,0.013132800000050793
7,8,1101010,1,0.99475,0.013087799999993877
7,8,1101010,2,0.9955,0.012957500000027267
7,8,1101010,3,0.99575,0.013414300000022195
7,8,1101010,4,0.996,0.013343500000019048
7,8,1101111,0,0.99425,0.013794599999982893
7,8,1101111,1,0.99475,0.013528700000051685
7,8,1101111,2,0.99575,0.013625300000001062
7,8,1101111,3,0.9955,0.014056799999991654
7,8,1101111,4,0.99625,0.014197499999966112
7,8,1110000,0,0.99425,0.01380669999997508
7,8,1110000,1,0.99475,0.01696169999996755
7,8,1110000,2,0.99575,0.014493399999992107
7,8,1110000,3,0.9955,0.013600300000007337
7,8,1110000,4,0.99625,0.014014499999973395
7,8,1110101,0,0.9945,0.015800500000011652
7,8,1110101,1,0.99425,0.014443599999992784
7,8,1110101,2,0.996,0.013871400000027734
7,8,1110101,3,0.9955,0.01364819999997735
7,8,1110101,4,0.99625,0.014309200000013789
7,8,1110110,0,0.9945,0.019284700000014254
7,8,1110110,1,0.99425,0.01427849999998898
7,8,1110110,2,0.996,0.01349160000000893
7,8,1110110,3,0.99575,0.016985599999998158
7,8,1110110,4,0.99625,0.013579800000002251
7,8,1111011,0,0.99475,0.014715400000000045
7,8,1111011,1,0.9945,0.013877400000012585
7,8,1111011,2,0.99575,0.013640799999961928
7,8,1111011,3,0.99575,0.013787299999989955
7,8,1111011,4,0.996,0.015198800000007395
7,8,1111100,0,0.99475,0.01362100000000055
7,8,1111100,1,0.99425,0.013796600000034687
7,8,1111100,2,0.99575,0.01336279999998169
7,8,1111100,3,0.99575,0.013496599999996306
7,8,1111100,4,0.996,0.013762699999972483
7,8,1111101,0,0.99475,0.014825999999970918
7,8,1111101,1,0.99425,0.014135100000032708
7,8,1111101,2,0.9955,0.015442599999971662
7,8,1111101,3,0.99575,0.014984400000003006
7,8,1111101,4,0.996,0.014047400000038124
8,1,00001010,0,0.03725,0.012254100000006929
8,1,00001010,1,0.032,0.012014200000010078
8,1,00001010,2,0.035,0.01259439999995493
8,1,00001010,3,0.03325,0.01335149999999885
8,1,00001010,4,0.0365,0.012117799999998624
8,1,00010001,0,0.0365,0.013114999999970678
8,1,00010001,1,0.03575,0.012208099999952537
8,1,00010001,2,0.03725,0.012068300000009913
8,1,00010001,3,0.03675,0.012184700000034354
8,1,00010001,4,0.03775,0.012618400000008023
8,1,00010101,0,0.03725,0.01295709999999417
8,1,00010101,1,0.04275,0.012757099999987531
8,1,00010101,2,0.0335,0.011995599999977458
8,1,00010101,3,0.03875,0.012000599999964834
8,1,00010101,4,0.0325,0.012135300000011284
8,1,00011110,0,0.02875,0.011901599999987411
8,1,00011110,1,0.03175,0.011697400000002744
8,1,00011110,2,0.03725,0.012066100000026836
8,1,00011110,3,0.0365,0.01145569999999907
8,1,00011110,4,0.0355,0.012284499999964282
8,1,00011111,0,0.029,0.01177269999999453
8,1,00011111,1,0.034,0.011341200000003937
8,1,00011111,2,0.036,0.012065099999972517
8,1,00011111,3,0.036,0.01218660000000682
8,1,00011111,4,0.03775,0.01123360000002549
8,1,00100001,0,0.03025,0.01320850000001883
8,1,00100001,1,0.034,0.011480300000016541
8,1,00100001,2,0.03925,0.011669100000005983
8,1,00100001,3,0.036,0.011941199999967012
8,1,00100001,4,0.035,0.012773299999992105
8,1,00100010,0,0.02975,0.01367350000003853
8,1,00100010,1,0.03525,0.012961300000029041
8,1,00100010,2,0.03675,0.013400999999987562
8,1,00100010,3,0.0355,0.012203499999998257
8,1,00100010,4,0.03325,0.01192670000000362
8,1,00100011,0,0.0285,0.012417199999958939
8,1,00100011,1,0.03575,0.012214900000003581
8,1,00100011,2,0.03725,0.012079599999992752
8,1,00100011,3,0.03475,0.013158699999962664
8,1,00100011,4,0.03375,0.013621399999976802
8,1,00100110,0,0.03225,0.013543999999967582
8,1,00100110,1,0.03625,0.012949800000001233
8,1,00100110,2,0.0395,0.012196599999981572
8,1,00100110,3,0.03425,0.012109699999996337
8,1,00100110,4,0.035,0.01262480000002597
8,1,00101000,0,0.03275,0.012381799999957366
8,1,00101000,1,0.0335,0.013133299999992687
8,1,00101000,2,0.0395,0.012395700000013221
8,1,00101000,3,0.0355,0.012066399999980604
8,1,00101000,4,0.034,0.01212169999996604
8,1,00101101,0,0.038,0.013258199999995668
8,1,00101101,1,0.03275,0.0121679999999742
8,1,00101101,2,0.0355,0.012136499999996886
8,1,00101101,3,0.0385,0.012508200000013403
8,1,00101101,4,0.03025,0.013128800000004048
8,1,00110010,0,0.032,0.013216299999953662
8,1,00110010,1,0.031,0.012705400000015743
8,1,00110010,2,0.0315,0.013814099999990503
8,1,00110010,3,0.03375,0.012675800000010895
8,1,00110010,4,0.0335,0.01204730000000609
8,1,00110100,0,0.0315,0.012198300000022755
8,1,00110100,1,0.0315,0.01273100000003069
8,1,00110100,2,0.03025,0.012137399999971876
8,1,00110100,3,0.03675,0.012123099999996612
8,1,00110100,4,0.03425,0.01205830000003516
8,1,00110101,0,0.0335,0.01232130000005327
8,1,00110101,1,0.0355,0.012969600000019454
8,1,00110101,2,0.03125,0.01211179999995693
8,1,00110101,3,0.03675,0.0128381000000104
8,1,00110101,4,0.0345,0.012914799999975912
8,1,00111010,0,0.0395,0.012381500000003598
8,1,00111010,1,0.03575,0.01221570000001293
8,1,00111010,2,0.03775,0.01270110000001523
8,1,00111010,3,0.03725,0.012041300000021238
8,1,00111010,4,0.0365,0.01218090000003258
8,1,00111101,0,0.04125,0.013476799999978084
8,1,00111101,1,0.03825,0.0120804000000021
8,1,00111101,2,0.0365,0.012127500000019609
8,1,00111101,3,0.0375,0.01271329999997306
8,1,00111101,4,0.03325,0.012927400000023681
8,1,01000101,0,0.03425,0.017734200000006695
8,1,01000101,1,0.0305,0.012668399999995472
8,1,01000101,2,0.03625,0.012902399999973113
8,1,01000101,3,0.041,0.012907499999982974
8,1,01000101,4,0.03025,0.012780899999995654
8,1,01000111,0,0.0345,0.012276100000008228
8,1,01000111,1,0.0315,0.01155060000002095
8,1,01000111,2,0.03525,0.011482099999966522
8,1,01000111,3,0.03925,0.012471899999979996
8,1,01000111,4,0.03225,0.012074400000017249
8,1,01001100,0,0.0405,0.011754900000028101
8,1,01001100,1,0.033,0.011704400000041915
8,1,01001100,2,0.0365,0.01163850000000366
8,1,01001100,3,0.03725,0.011280799999951796
8,1,01001100,4,0.03375,0.012373200000013185
8,1,01010101,0,0.0355,0.011909000000002834
8,1,01010101,1,0.034,0.011655700000005709
8,1,01010101,2,0.035,0.011730199999988145
8,1,01010101,3,0.03125,0.011935700000037741
8,1,01010101,4,0.03475,0.012204600000018218
8,1,01010110,0,0.0355,0.012493099999971946
8,1,01010110,1,0.034,0.012160300000005009
8,1,01010110,2,0.035,0.012692399999991721
8,1,01010110,3,0.032,0.012075100000004113
8,1,01010110,4,0.03625,0.013007599999980357
8,1,01011010,0,0.034,0.012369799999987663
8,1,01011010,1,0.0385,0.012138699999979963
8,1,01011010,2,0.03575,0.01289609999997765
8,1,01011010,3,0.0315,0.012130400000046393
8,1,01011010,4,0.038,0.013094499999965592
8,1,01011011,0,0.036,0.013202100000000883
8,1,01011011,1,0.0355,0.012334799999962343
8,1,01011011,2,0.0365,0.011751699999990706
8,1,01011011,3,0.032,0.012960700000007819
8,1,01011011,4,0.03875,0.012730599999997594
8,1,01100101,0,0.03575,0.013313199999970493
8,1,01100101,1,0.03575,0.012727200000028915
8,1,01100101,2,0.034,0.012039800000025025
8,1,01100101,3,0.03475,0.012782899999990605
8,1,01100101,4,0.035,0.012152500000013333
8,1,01101011,0,0.0365,0.012385099999960403
8,1,01101011,1,0.034,0.012134000000003198
8,1,01101011,2,0.0355,0.01258320000005142
8,1,01101011,3,0.0315,0.012128500000017084
8,1,01101011,4,0.03825,0.013005799999973533
8,1,01110101,0,0.037,0.01245270000003984
8,1,01110101,1,0.0425,0.012569999999982429
8,1,01110101,2,0.03425,0.011876799999981813
8,1,01110101,3,0.04025,0.012809699999991153
8,1,01110101,4,0.03425,0.011918199999968238
8,1,01110110,0,0.0365,0.012690100000043003
8,1,01110110,1,0.04275,0.012665500000025531
8,1,01110110,2,0.03325,0.012575399999946058
8,1,01110110,3,0.04175,0.013091099999996914
8,1,01110110,4,0.03425,0.012176300000021456
8,1,10001011,0,0.041,0.01257709999998724
8,1,10001011,1,0.037,0.012109899999984464
8,1,10001011,2,0.03625,0.012464599999987058
8,1,10001011,3,0.03625,0.012498300000004292
8,1,10001011,4,0.03625,0.013268299999992905
8,1,10010000,0,0.0395,0.012287700000001678
8,1,10010000,1,0.03275,0.012143799999989824
8,1,10010000,2,0.036,0.012235500000031152
8,1,10010000,3,0.03525,0.012096900000017285
8,1,10010000,4,0.03375,0.011749399999985144
8,1,10010100,0,0.0345,0.014078600000004826
8,1,10010100,1,0.0335,0.012947300000007544
8,1,10010100,2,0.03875,0.012158199999987573
8,1,10010100,3,0.03175,0.012716699999998582
8,1,10010100,4,0.03525,0.012054699999964669
8,1,10010101,0,0.034,0.012493600000027527
8,1,10010101,1,0.03375,0.012070399999970505
8,1,10010101,2,0.03825,0.011573999999995976
8,1,10010101,3,0.034,0.011369699999988825
8,1,10010101,4,0.036,0.012573299999985466
8,1,10010110,0,0.034,0.012185900000019956
8,1,10010110,1,0.03425,0.012848700000006374
8,1,10010110,2,0.038,0.012949800000001233
8,1,10010110,3,0.03325,0.012551299999984167
8,1,10010110,4,0.0335,0.0123595000000023
8,1,10010111,0,0.0355,0.01172470000000203
8,1,10010111,1,0.03725,0.012422799999967538
8,1,10010111,2,0.03825,0.012439599999993334
8,1,10010111,3,0.033,0.012352299999975003
8,1,10010111,4,0.0345,0.01277450000003455
8,1,10011011,0,0.03175,0.013013299999954597
8,1,10011011,1,0.03925,0.01214029999999866
8,1,10011011,2,0.036,0.012101799999982177
8,1,10011011,3,0.0335,0.011984799999993356
8,1,10011011,4,0.03425,0.013925400000005084
8,1,10100001,0,0.0375,0.012340699999981553
8,1,10100001,1,0.03525,0.013223200000027191
8,1,10100001,2,0.03475,0.01220299999999952
8,1,10100001,3,0.02925,0.012894599999981438
8,1,10100001,4,0.029,0.01196909999998752
8,1,10100101,0,0.03925,0.012698300000010931
8,1,10100101,1,0.034,0.012734799999975621
8,1,10100101,2,0.036,0.01317149999999856
8,1,10100101,3,0.032,0.012486799999976483
8,1,10100101,4,0.03425,0.012884299999996074
8,1,10100111,0,0.04075,0.013441000000000258
8,1,10100111,1,0.0325,0.013010500000007141
8,1,10100111,2,0.03525,0.012205300000005082
8,1,10100111,3,0.035,0.0122815000000287
8,1,10100111,4,0.0355,0.012133399999981975
8,1,10101000,0,0.0375,0.012397899999996298
8,1,10101000,1,0.03225,0.013081299999953444
8,1,10101000,2,0.03475,0.012200800000073286
8,1,10101000,3,0.03425,0.016752900000028603
8,1,10101000,4,0.03575,0.012977900000009868
8,1,10101001,0,0.03575,0.013244500000041626
8,1,10101001,1,0.0325,0.012089700000046832
8,1,10101001,2,0.0365,0.012120999999979176
8,1,10101001,3,0.03325,0.012859199999979865
8,1,10101001,4,0.0355,0.012146800000095936
8,1,10101011,0,0.0335,0.012905199999977413
8,1,10101011,1,0.0325,0.01258630000006633
8,1,10101011,2,0.03775,0.013218199999982971
8,1,10101011,3,0.03275,0.012765399999921101
8,1,10101011,4,0.03675,0.014060100000051534
8,1,10101100,0,0.0335,0.012379399999986163
8,1,10101100,1,0.03175,0.012232000000039989
8,1,10101100,2,0.03825,0.012126800000032745
8,1,10101100,3,0.033,0.012121999999976651
8,1,10101100,4,0.03525,0.012027100000068458
8,1,10110010,0,0.03475,0.012258800000040537
8,1,10110010,1,0.039,0.011970200000064324
8,1,10110010,2,0.0385,0.01245989999995345
8,1,10110010,3,0.0315,0.012877000000003136
8,1,10110010,4,0.0365,0.0146705000000793
8,1,10111000,0,0.03475,0.013216499999998632
8,1,10111000,1,0.036,0.01276159999997617
8,1,10111000,2,0.0315,0.012635799999998198
8,1,10111000,3,0.0325,0.013083499999993364
8,1,10111000,4,0.038,0.012139799999999923
8,1,10111100,0,0.03425,0.012350999999966916
8,1,10111100,1,0.03725,0.015733899999986534
8,1,10111100,2,0.0325,0.012557700000002114
8,1,10111100,3,0.03475,0.012055000000032123
8,1,10111100,4,0.03575,0.012749899999903391
8,1,10111101,0,0.033,0.012163699999973687
8,1,10111101,1,0.03925,0.012348099999940132
8,1,10111101,2,0.0315,0.012162500000044929
8,1,10111101,3,0.033,0.011938099999952101
8,1,10111101,4,0.038,0.011964400000010755
8,1,10111110,0,0.03225,0.012599300000033509
8,1,10111110,1,0.04025,0.012203699999986384
8,1,10111110,2,0.03075,0.012334699999996701
8,1,10111110,3,0.03375,0.012047599999959857
8,1,10111110,4,0.03825,0.011935300000004645
8,1,11000101,0,0.0265,0.012561000000005151
8,1,11000101,1,0.03625,0.012180499999999483
8,1,11000101,2,0.03,0.0116537999999764
8,1,11000101,3,0.03725,0.011979699999983495
8,1,11000101,4,0.03325,0.01243299999998726
8,1,11000110,0,0.02725,0.012262299999974857
8,1,11000110,1,0.033,0.012675699999931567
8,1,11000110,2,0.032,0.011876599999936843
8,1,11000110,3,0.03775,0.012608500000055756
8,1,11000110,4,0.03075,0.012242300000025352
8,1,11000111,0,0.028,0.012815299999942908
8,1,11000111,1,0.03,0.013222799999994095
8,1,11000111,2,0.034,0.01271719999999732
8,1,11000111,3,0.03875,0.012161999999989348
8,1,11000111,4,0.0305,0.012200000000007094
8,1,11001001,0,0.0305,0.012255399999958172
8,1,11001001,1,0.02975,0.012658099999953265
8,1,11001001,2,0.035,0.012745999999992819
8,1,11001001,3,0.03775,0.012022799999954259
8,1,11001001,4,0.03275,0.011954199999991033
8,1,11001011,0,0.03175,0.012173299999972187
8,1,11001011,1,0.03125,0.01284269999996468
8,1,11001011,2,0.03425,0.012457100000005994
8,1,11001011,3,0.03725,0.011841699999990851
8,1,11001011,4,0.036,0.012096100000007937
8,1,11010001,0,0.0355,0.012506300000040937
8,1,11010001,1,0.0355,0.012338100000079066
8,1,11010001,2,0.03425,0.012952700000028017
8,1,11010001,3,0.035,0.012427199999933691
8,1,11010001,4,0.0375,0.01268680000009681
8,1,11010100,0,0.03375,0.012730900000065049
8,1,11010100,1,0.0365,0.012175999999954001
8,1,11010100,2,0.03475,0.013114199999904486
8,1,11010100,3,0.03125,0.011743099999989681
8,1,11010100,4,0.03725,0.012302200000021912
8,1,11100110,0,0.042,0.01194440000006125
8,1,11100110,1,0.03675,0.012747399999966547
8,1,11100110,2,0.0305,0.012207000000103108
8,1,11100110,3,0.032,0.012592199999971854
8,1,11100110,4,0.032,0.01212210000005598
8,1,11100111,0,0.041,0.012787600000024213
8,1,11100111,1,0.037,0.012096100000007937
8,1,11100111,2,0.03,0.012014200000066921
8,1,11100111,3,0.033,0.012874499999952604
8,1,11100111,4,0.03375,0.012018900000043686
8,1,11101001,0,0.03975,0.012318599999957769
8,1,11101001,1,0.0385,0.011978200000044126
8,1,11101001,2,0.03,0.013039600000070095
8,1,11101001,3,0.03325,0.012064600000030623
8,1,11101001,4,0.03375,0.012490599999978258
8,1,11101010,0,0.03975,0.01230359999999564
8,1,11101010,1,0.03675,0.012023600000020451
8,1,11101010,2,0.0305,0.01168160000008811
8,1,11101010,3,0.03425,0.012580800000023373
8,1,11101010,4,0.03425,0.013084199999980228
8,1,11101100,0,0.036,0.013145000000008622
8,1,11101100,1,0.03575,0.012593400000014299
8,1,11101100,2,0.03,0.01162299999998595
8,1,11101100,3,0.03475,0.012540000000058171
8,1,11101100,4,0.034,0.015022999999928288
8,1,11101101,0,0.03475,0.01321419999999307
8,1,11101101,1,0.03725,0.012602700000002187
8,1,11101101,2,0.03025,0.012578899999994064
8,1,11101101,3,0.03575,0.011703500000066924
8,1,11101101,4,0.03475,0.011914499999988948
8,1,11110011,0,0.0305,0.01198239999996531
8,1,11110011,1,0.0325,0.014217600000051789
8,1,11110011,2,0.03275,0.015186299999982111
8,1,11110011,3,0.03175,0.01569089999998141
8,1,11110011,4,0.03425,0.014982900000063637
8,1,11110110,0,0.02925,0.012782399999991867
8,1,11110110,1,0.03525,0.012886299999991024
8,1,11110110,2,0.0335,0.011991300000090632
8,1,11110110,3,0.0335,0.012704499999927066
8,1,11110110,4,0.03775,0.012926900000024943
8,1,11111000,0,0.03075,0.013026500000023589
8,1,11111000,1,0.035,0.012047899999970468
8,1,11111000,2,0.03225,0.012217100000043501
8,1,11111000,3,0.033,0.011896299999989424
8,1,11111000,4,0.0385,0.012162900000021182
8,1,11111010,0,0.031,0.01243449999992663
8,1,11111010,1,0.0325,0.011998899999980495
8,1,11111010,2,0.0325,0.012176800000020194
8,1,11111010,3,0.03125,0.01304260000006252
8,1,11111010,4,0.03975,0.012137200000097437
8,1,11111100,0,0.03225,0.01249439999992319
8,1,11111100,1,0.0345,0.01215890000003128
8,1,11111100,2,0.03275,0.011684299999956238
8,1,11111100,3,0.03225,0.011821800000006988
8,1,11111100,4,0.03875,0.0119012999999768
8,12,00001010,0,1.0,0.015116799999987052
8,12,00001010,1,1.0,0.014950499999940803
8,12,00001010,2,1.0,0.01579279999998562
8,12,00001010,3,1.0,0.014829800000029536
8,12,00001010,4,1.0,0.014871100000050319
8,12,00010001,0,1.0,0.01586839999993117
8,12,00010001,1,1.0,0.015816900000004352
8,12,00010001,2,1.0,0.015363099999945007
8,12,00010001,3,1.0,0.015533000000004904
8,12,00010001,4,1.0,0.014884899999970003
8,12,00010101,0,1.0,0.015390200000069854
8,12,00010101,1,1.0,0.015002100000060636
8,12,00010101,2,1.0,0.014751199999977871
8,12,00010101,3,1.0,0.01489779999997154
8,12,00010101,4,1.0,0.015018400000030852
8,12,00011110,0,1.0,0.015398199999935969
8,12,00011110,1,1.0,0.015112600000065868
8,12,00011110,2,1.0,0.014925800000014533
8,12,00011110,3,1.0,0.014852000000018961
8,12,00011110,4,1.0,0.014891799999986688
8,12,00011111,0,1.0,0.016217799999935778
8,12,00011111,1,1.0,0.015099500000019361
8,12,00011111,2,1.0,0.015441899999927955
8,12,00011111,3,1.0,0.01532329999997728
8,12,00011111,4,1.0,0.01585099999999784
8,12,00100001,0,1.0,0.01599799999996776
8,12,00100001,1,1.0,0.014978599999949438
8,12,00100001,2,1.0,0.014829800000029536
8,12,00100001,3,1.0,0.01501610000002529
8,12,00100001,4,1.0,0.01586859999997614
8,12,00100010,0,1.0,0.01631120000001829
8,12,00100010,1,1.0,0.015872899999976653
8,12,00100010,2,1.0,0.014944099999979699
8,12,00100010,3,1.0,0.014956299999994371
8,12,00100010,4,1.0,0.014462900000012269
8,12,00100011,0,1.0,0.014208700000040153
8,12,00100011,1,1.0,0.014737699999955112
8,12,00100011,2,1.0,0.01427369999998973
8,12,00100011,3,1.0,0.015033000000016727
8,12,00100011,4,1.0,0.014728899999909117
8,12,00100110,0,1.0,0.015346200000067256
8,12,00100110,1,1.0,0.014730299999996532
8,12,00100110,2,1.0,0.015498900000011417
8,12,00100110,3,1.0,0.015063100000020313
8,12,00100110,4,1.0,0.015209099999992759
8,12,00101000,0,1.0,0.0156577999999854
8,12,00101000,1,1.0,0.015043600000012702
8,12,00101000,2,1.0,0.01509180000005017
8,12,00101000,3,1.0,0.015088999999989028
8,12,00101000,4,1.0,0.015510600000084196
8,12,00101101,0,1.0,0.015272400000071684
8,12,00101101,1,1.0,0.018119700000056582
8,12,00101101,2,1.0,0.016075799999953233
8,12,00101101,3,1.0,0.015404099999955179
8,12,00101101,4,1.0,0.015066499999988991
8,12,00110010,0,1.0,0.015289800000005016
8,12,00110010,1,1.0,0.01528900000005251
8,12,00110010,2,1.0,0.016097800000011375
8,12,00110010,3,1.0,0.01512809999996989
8,12,00110010,4,1.0,0.014594100000067556
8,12,00110100,0,1.0,0.014289599999983693
8,12,00110100,1,1.0,0.01482459999999719
8,12,00110100,2,1.0,0.014178300000025956
8,12,00110100,3,1.0,0.014331900000001951
8,12,00110100,4,1.0,0.014807000000018888
8,12,00110101,0,1.0,0.01634009999997943
8,12,00110101,1,1.0,0.015057700000056684
8,12,00110101,2,1.0,0.015252299999929164
8,12,00110101,3,1.0,0.015039100000080907
8,12,00110101,4,1.0,0.015198199999986173
8,12,00111010,0,1.0,0.02176120000001447
8,12,00111010,1,1.0,0.015600000000063119
8,12,00111010,2,1.0,0.016033799999945586
8,12,00111010,3,1.0,0.016048999999952684
8,12,00111010,4,1.0,0.015294999999923675
8,12,00111101,0,1.0,0.018755399999918154
8,12,00111101,1,1.0,0.0163691000000199
8,12,00111101,2,1.0,0.015113299999939045
8,12,00111101,3,1.0,0.015106699999932971
8,12,00111101,4,1.0,0.015491099999962898
8,12,01000101,0,1.0,0.015976399999999558
8,12,01000101,1,1.0,0.015482199999951263
8,12,01000101,2,1.0,0.015206599999942227
8,12,01000101,3,1.0,0.016465499999981148
8,12,01000101,4,1.0,0.015165900000056354
8,12,01000111,0,1.0,0.01640959999997449
8,12,01000111,1,1.0,0.015595300000086354
8,12,01000111,2,1.0,0.015110400000025948
8,12,01000111,3,1.0,0.01482290000001285
8,12,01000111,4,1.0,0.01524959999994735
8,12,01001100,0,1.0,0.016552900000078807
8,12,01001100,1,1.0,0.015776500000015403
8,12,01001100,2,1.0,0.014919800000029682
8,12,01001100,3,1.0,0.015011599999979808
8,12,01001100,4,1.0,0.014761599999928876
8,12,01010101,0,1.0,0.015366699999958655
8,12,01010101,1,1.0,0.015111699999920347
8,12,01010101,2,1.0,0.015192600000091261
8,12,01010101,3,1.0,0.015081500000064807
8,12,01010101,4,1.0,0.015633699999966666
8,12,01010110,0,1.0,0.01582589999998163
8,12,01010110,1,1.0,0.01588600000002316
8,12,01010110,2,1.0,0.01820199999997385
8,12,01010110,3,1.0,0.018056199999932687
8,12,01010110,4,1.0,0.015671999999995023
8,12,01011010,0,1.0,0.016783599999939725
8,12,01011010,1,1.0,0.01601909999999407
8,12,01011010,2,1.0,0.01577210000004925
8,12,01011010,3,1.0,0.0161855999999716
8,12,01011010,4,1.0,0.015459599999985585
8,12,01011011,0,1.0,0.016662699999983488
8,12,01011011,1,1.0,0.01574879999998302
8,12,01011011,2,1.0,0.015471100000013394
8,12,01011011,3,1.0,0.0152791000000434
8,12,01011011,4,1.0,0.017593900000065332
8,12,01100101,0,1.0,0.016857299999969655
8,12,01100101,1,1.0,0.015359300000000076
8,12,01100101,2,1.0,0.01605799999992996
8,12,01100101,3,1.0,0.01596299999994244
8,12,01100101,4,1.0,0.016293399999995017
8,12,01101011,0,1.0,0.016750799999954324
8,12,01101011,1,1.0,0.015407700000082514
8,12,01101011,2,1.0,0.01590360000000146
8,12,01101011,3,1.0,0.01613699999995788
8,12,01101011,4,1.0,0.01489809999998215
8,12,01110101,0,1.0,0.016235999999935302
8,12,01110101,1,1.0,0.015181800000050316
8,12,01110101,2,1.0,0.016469199999960438
8,12,01110101,3,1.0,0.016884600000025785
8,12,01110101,4,1.0,0.016090299999973467
8,12,01110110,0,1.0,0.01567709999994804
8,12,01110110,1,1.0,0.016239199999972698
8,12,01110110,2,1.0,0.01593389999993633
8,12,01110110,3,1.0,0.015281400000048961
8,12,01110110,4,1.0,0.015422800000010284
8,12,10001011,0,1.0,0.01585279999994782
8,12,10001011,1,1.0,0.01580439999997907
8,12,10001011,2,1.0,0.015534900000034213
8,12,10001011,3,1.0,0.016385700000000725
8,12,10001011,4,1.0,0.016577200000028824
8,12,10010000,0,1.0,0.01609510000002956
8,12,10010000,1,1.0,0.016797600000018065
8,12,10010000,2,1.0,0.015571199999953933
8,12,10010000,3,1.0,0.015351600000030885
8,12,10010000,4,1.0,0.015488300000015442
8,12,10010100,0,1.0,0.016368900000088615
8,12,10010100,1,1.0,0.01668280000001232
8,12,10010100,2,1.0,0.018025299999976596
8,12,10010100,3,1.0,0.015672500000050604
8,12,10010100,4,1.0,0.015524499999969521
8,12,10010101,0,1.0,0.014764800000079958
8,12,10010101,1,1.0,0.016281100000014703
8,12,10010101,2,1.0,0.015631699999971715
8,12,10010101,3,1.0,0.015635299999985364
8,12,10010101,4,1.0,0.016379799999981515
8,12,10010110,0,1.0,0.016904100000033395
8,12,10010110,1,1.0,0.016003500000010717
8,12,10010110,2,1.0,0.015807999999992717
8,12,10010110,3,1.0,0.01635020000003351
8,12,10010110,4,1.0,0.01699389999998857
8,12,10010111,0,1.0,0.017348299999980554
8,12,10010111,1,1.0,0.01642790000005334
8,12,10010111,2,1.0,0.0160080000000562
8,12,10010111,3,1.0,0.015783000000055836
8,12,10010111,4,1.0,0.015245300000060524
8,12,10011011,0,1.0,0.016783399999894755
8,12,10011011,1,1.0,0.01577020000001994
8,12,10011011,2,1.0,0.016416700000036144
8,12,10011011,3,1.0,0.016316500000016276
8,12,10011011,4,1.0,0.015575899999930698
8,12,10100001,0,1.0,0.01552199999991899
8,12,10100001,1,1.0,0.016552499999988868
8,12,10100001,2,1.0,0.01697019999994609
8,12,10100001,3,1.0,0.016066600000044673
8,12,10100001,4,1.0,0.015814900000009402
8,12,10100101,0,1.0,0.018989999999917018
8,12,10100101,1,1.0,0.01703179999992699
8,12,10100101,2,1.0,0.018432800000027783
8,12,10100101,3,1.0,0.01866070000005493
8,12,10100101,4,1.0,0.016726500000004307
8,12,10100111,0,1.0,0.016660099999967315
8,12,10100111,1,1.0,0.016937799999936942
8,12,10100111,2,1.0,0.015736100000026454
8,12,10100111,3,1.0,0.01612119999992956
8,12,10100111,4,1.0,0.016698199999950702
8,12,10101000,0,1.0,0.016186800000014046
8,12,10101000,1,1.0,0.016167499999937718
8,12,10101000,2,1.0,0.015704599999935454
8,12,10101000,3,1.0,0.016544100000032813
8,12,10101000,4,1.0,0.015753500000073473
8,12,10101001,0,1.0,0.017088100000023587
8,12,10101001,1,1.0,0.016737499999976535
8,12,10101001,2,1.0,0.016469099999994796
8,12,10101001,3,1.0,0.016607299999918723
8,12,10101001,4,1.0,0.016014799999993556
8,12,10101011,0,1.0,0.01657219999992776
8,12,10101011,1,1.0,0.01618210000003728
8,12,10101011,2,1.0,0.015689400000042042
8,12,10101011,3,1.0,0.016093200000000252
8,12,10101011,4,1.0,0.01580479999995532
8,12,10101100,0,1.0,0.016566000000011627
8,12,10101100,1,1.0,0.016669299999989562
8,12,10101100,2,1.0,0.01580279999996037
8,12,10101100,3,1.0,0.016482900000028167
8,12,10101100,4,1.0,0.015455699999961325
8,12,10110010,0,1.0,0.016825899999957983
8,12,10110010,1,1.0,0.016909599999962666
8,12,10110010,2,1.0,0.01712750000001506
8,12,10110010,3,1.0,0.016754799999944225
8,12,10110010,4,1.0,0.01591659999996864
8,12,10111000,0,1.0,0.016598100000010163
8,12,10111000,1,1.0,0.015892699999994875
8,12,10111000,2,1.0,0.016277500000001055
8,12,10111000,3,1.0,0.015596200000004501
8,12,10111000,4,1.0,0.016360799999915798
8,12,10111100,0,1.0,0.016416700000036144
8,12,10111100,1,1.0,0.015807900000027075
8,12,10111100,2,1.0,0.01547830000004069
8,12,10111100,3,1.0,0.015712699999994584
8,12,10111100,4,1.0,0.01560600000004797
8,12,10111101,0,1.0,0.01622829999996611
8,12,10111101,1,1.0,0.015529300000025614
8,12,10111101,2,1.0,0.01728129999992234
8,12,10111101,3,1.0,0.01581060000000889
8,12,10111101,4,1.0,0.018787899999892943
8,12,10111110,0,1.0,0.01652569999998832
8,12,10111110,1,1.0,0.018565899999998692
8,12,10111110,2,1.0,0.01687590000005912
8,12,10111110,3,1.0,0.015927099999998973
8,12,10111110,4,1.0,0.01591880000000856
8,12,11000101,0,1.0,0.016295099999979357
8,12,11000101,1,1.0,0.01657199999999648
8,12,11000101,2,1.0,0.015969200000085948
8,12,11000101,3,1.0,0.01581659999999374
8,12,11000101,4,1.0,0.015874599999960992
8,12,11000110,0,1.0,0.016530600000010054
8,12,11000110,1,1.0,0.017238700000007157
8,12,11000110,2,1.0,0.017045600000074046
8,12,11000110,3,1.0,0.01996099999996659
8,12,11000110,4,1.0,0.016619300000002113
8,12,11000111,0,1.0,0.016828700000019126
8,12,11000111,1,1.0,0.016899099999932332
8,12,11000111,2,1.0,0.017224899999973786
8,12,11000111,3,1.0,0.017060500000070533
8,12,11000111,4,1.0,0.016122799999948256
8,12,11001001,0,1.0,0.018725099999983286
8,12,11001001,1,1.0,0.016550499999993917
8,12,11001001,2,1.0,0.016565499999956046
8,12,11001001,3,1.0,0.015973900000062713
8,12,11001001,4,1.0,0.015864900000110538
8,12,11001011,0,1.0,0.016352900000015325
8,12,11001011,1,1.0,0.016865800000005038
8,12,11001011,2,1.0,0.016594800000007126
8,12,11001011,3,1.0,0.016864899999973204
8,12,11001011,4,1.0,0.016725500000006832
8,12,11010001,0,1.0,0.016529200000036326
8,12,11010001,1,1.0,0.016016499999977896
8,12,11010001,2,1.0,0.01668640000002597
8,12,11010001,3,1.0,0.01687019999997119
8,12,11010001,4,1.0,0.01593239999999696
8,12,11010100,0,1.0,0.017240199999946526
8,12,11010100,1,1.0,0.01695390000008956
8,12,11010100,2,1.0,0.016838499999948908
8,12,11010100,3,1.0,0.01741560000004938
8,12,11010100,4,1.0,0.016215999999985797
8,12,11100110,0,1.0,0.016795199999933175
8,12,11100110,1,1.0,0.016881200000057106
8,12,11100110,2,1.0,0.017118699999969067
8,12,11100110,3,1.0,0.016497999999955937
8,12,11100110,4,1.0,0.016773000000057436
8,12,11100111,0,1.0,0.016398999999978514
8,12,11100111,1,1.0,0.015973299999927804
8,12,11100111,2,1.0,0.01604250000002594
8,12,11100111,3,1.0,0.016108599999938633
8,12,11100111,4,1.0,0.01590350000003582
8,12,11101001,0,1.0,0.016304300000001604
8,12,11101001,1,1.0,0.016921900000056667
8,12,11101001,2,1.0,0.0166150000000016
8,12,11101001,3,1.0,0.01613299999996798
8,12,11101001,4,1.0,0.01653119999991759
8,12,11101010,0,1.0,0.01650530000006256
8,12,11101010,1,1.0,0.016716700000074525
8,12,11101010,2,1.0,0.016254399999979796
8,12,11101010,3,1.0,0.01906599999995251
8,12,11101010,4,1.0,0.020207700000014484
8,12,11101100,0,1.0,0.016488900000013018
8,12,11101100,1,1.0,0.017275900000072397
8,12,11101100,2,1.0,0.017615900000009788
8,12,11101100,3,1.0,0.016659900000036032
8,12,11101100,4,1.0,0.01600729999995565
8,12,11101101,0,1.0,0.01594199999999546
8,12,11101101,1,1.0,0.01653959999998733
8,12,11101101,2,1.0,0.017186199999969176
8,12,11101101,3,1.0,0.01609870000004321
8,12,11101101,4,1.0,0.01701869999999417
8,12,11110011,0,1.0,0.016261599999893406
8,12,11110011,1,1.0,0.017259899999999107
8,12,11110011,2,1.0,0.01623169999993479
8,12,11110011,3,1.0,0.016952800000012758
8,12,11110011,4,1.0,0.017073800000048323
8,12,11110110,0,1.0,0.016660399999977926
8,12,11110110,1,1.0,0.0163359999999102
8,12,11110110,2,1.0,0.01692230000003292
8,12,11110110,3,1.0,0.016257399999972222
8,12,11110110,4,1.0,0.016507400000023154
8,12,11111000,0,1.0,0.01723730000003343
8,12,11111000,1,1.0,0.01743120000003273
8,12,11111000,2,1.0,0.016222900000002483
8,12,11111000,3,1.0,0.01679269999999633
8,12,11111000,4,1.0,0.01605050000000574
8,12,11111010,0,1.0,0.01665000000002692
8,12,11111010,1,1.0,0.017006000000037602
8,12,11111010,2,1.0,0.016279899999972258
8,12,11111010,3,1.0,0.016273200000000543
8,12,11111010,4,1.0,0.016296699999998054
8,12,11111100,0,1.0,0.01755070000001524
8,12,11111100,1,1.0,0.01615300000003117
8,12,11111100,2,1.0,0.01715599999999995
8,12,11111100,3,1.0,0.01653810000004796
8,12,11111100,4,1.0,0.01734169999997448
9,1,000000010,0,0.01925,0.01399340000000393
9,1,000000010,1,0.01825,0.013623999999936132
9,1,000000010,2,0.01925,0.013686699999993834
9,1,000000010,3,0.017,0.013723900000059075
9,1,000000010,4,0.01675,0.013541300000042611
9,1,000001000,0,0.02125,0.014757099999997081
9,1,000001000,1,0.01825,0.014036799999985305
9,1,000001000,2,0.018,0.013594300000022486
9,1,000001000,3,0.01825,0.013566900000000714
9,1,000001000,4,0.0155,0.013305999999943197
9,1,000010011,0,0.018,0.014419900000007146
9,1,000010011,1,0.01925,0.013679600000045866
9,1,000010011,2,0.0155,0.013346299999966504
9,1,000010011,3,0.019,0.014495399999987058
9,1,000010011,4,0.01875,0.014194599999996171
9,1,000100011,0,0.0125,0.014044300000023213
9,1,000100011,1,0.0155,0.014282499999922038
9,1,000100011,2,0.01075,0.017295900000021902
9,1,000100011,3,0.01825,0.014003600000023653
9,1,000100011,4,0.02,0.01451520000000528
9,1,000100110,0,0.01375,0.01414030000000821
9,1,000100110,1,0.01525,0.01342449999992823
9,1,000100110,2,0.0135,0.014293700000052922
9,1,000100110,3,0.01975,0.014069199999994453
9,1,000100110,4,0.02025,0.013368900000045869
9,1,000101011,0,0.014,0.014616700000033234
9,1,000101011,1,0.017,0.013873799999942094
9,1,000101011,2,0.01725,0.014711700000020755
9,1,000101011,3,0.01975,0.014406900000039968
9,1,000101011,4,0.01775,0.013865600000031009
9,1,000110011,0,0.01475,0.015054899999995541
9,1,000110011,1,0.018,0.013330800000062482
9,1,000110011,2,0.021,0.013706700000057026
9,1,000110011,3,0.01675,0.013066099999946346
9,1,000110011,4,0.0175,0.012917399999992085
9,1,000111101,0,0.0185,0.01407300000005307
9,1,000111101,1,0.0185,0.014236200000027566
9,1,000111101,2,0.01525,0.013810000000034961
9,1,000111101,3,0.01825,0.017145099999993363
9,1,000111101,4,0.01875,0.01391549999993913
9,1,000111110,0,0.018,0.016465800000105446
9,1,000111110,1,0.019,0.014114100000028884
9,1,000111110,2,0.01475,0.014027400000031776
9,1,000111110,3,0.01925,0.014408000000003085
9,1,000111110,4,0.019,0.013484500000004118
9,1,001100011,0,0.01725,0.013874399999963316
9,1,001100011,1,0.01275,0.014272399999981644
9,1,001100011,2,0.016,0.01368200000001707
9,1,001100011,3,0.019,0.013629299999934119
9,1,001100011,4,0.01775,0.017839999999978318
9,1,001100111,0,0.017,0.013272899999947185
9,1,001100111,1,0.01475,0.013968299999987721
9,1,001100111,2,0.0165,0.013441299999954026
9,1,001100111,3,0.01825,0.015475799999990159
9,1,001100111,4,0.0195,0.014675300000021707
9,1,001101000,0,0.01475,0.014027199999986806
9,1,001101000,1,0.016,0.013441700000043966
9,1,001101000,2,0.01675,0.015659199999959128
9,1,001101000,3,0.01875,0.014560899999992216
9,1,001101000,4,0.019,0.013597599999911836
9,1,001101111,0,0.01425,0.01475459999994655
9,1,001101111,1,0.0195,0.01438729999995303
9,1,001101111,2,0.0155,0.013734900000031303
9,1,001101111,3,0.0175,0.01347920000000613
9,1,001101111,4,0.01675,0.013270000000034088
9,1,001110000,0,0.016,0.013884299999972427
9,1,001110000,1,0.01775,0.013644299999896248
9,1,001110000,2,0.01575,0.013699900000005982
9,1,001110000,3,0.017,0.013604299999997238
9,1,001110000,4,0.01625,0.01365249999992102
9,1,001110101,0,0.018,0.01366629999995439
9,1,001110101,1,0.0195,0.013620999999943706
9,1,001110101,2,0.01775,0.014562500000010914
9,1,001110101,3,0.01825,0.013385800000037307
9,1,001110101,4,0.0195,0.013609999999971478
9,1,001111110,0,0.01625,0.013469399999962661
9,1,001111110,1,0.01725,0.01263389999996889
9,1,001111110,2,0.017,0.013281399999982568
9,1,001111110,3,0.0185,0.014193999999974949
9,1,001111110,4,0.0185,0.013427900000010595
9,1,001111111,0,0.016,0.013846600000078979
9,1,001111111,1,0.01775,0.01412059999995563
9,1,001111111,2,0.0175,0.013750700000059624
9,1,001111111,3,0.0175,0.01728549999995721
9,1,001111111,4,0.01875,0.014938200000074175
9,1,010000000,0,0.01675,0.015043300000002091
9,1,010000000,1,0.0175,0.013962399999968511
9,1,010000000,2,0.01625,0.01348480000001473
9,1,010000000,3,0.01725,0.014019399999938287
9,1,010000000,4,0.01825,0.013507699999991019
9,1,010000111,0,0.01775,0.01385830000003807
9,1,010000111,1,0.01225,0.013641000000006898
9,1,010000111,2,0.016,0.01378999999997177
9,1,010000111,3,0.02075,0.013573400000041147
9,1,010000111,4,0.016,0.01368420000005699
9,1,010011101,0,0.0165,0.014344100000016624
9,1,010011101,1,0.02025,0.013776099999972757
9,1,010011101,2,0.01925,0.01475730000004205
9,1,010011101,3,0.01325,0.014585099999976592
9,1,010011101,4,0.022,0.014062599999988379
9,1,010100010,0,0.01725,0.013746299999979783
9,1,010100010,1,0.01775,0.013642700000104924
9,1,010100010,2,0.01875,0.013067099999943821
9,1,010100010,3,0.01425,0.014759199999957673
9,1,010100010,4,0.018,0.013640099999975064
9,1,010100111,0,0.01975,0.014050999999994929
9,1,010100111,1,0.01725,0.015007599999989907
9,1,010100111,2,0.01925,0.014386299999955554
9,1,010100111,3,0.016,0.013677700000016557
9,1,010100111,4,0.0175,0.014518599999973958
9,1,010110110,0,0.02275,0.014765799999963747
9,1,010110110,1,0.01775,0.013675700000021607
9,1,010110110,2,0.01725,0.013748899999995956
9,1,010110110,3,0.01425,0.013634499999966465
9,1,010110110,4,0.01825,0.013537700000028963
9,1,010111001,0,0.0235,0.013976400000046851
9,1,010111001,1,0.016,0.014542200000050798
9,1,010111001,2,0.01825,0.016457000000059452
9,1,010111001,3,0.016,0.01390219999996134
9,1,010111001,4,0.02025,0.013924200000019482
9,1,010111110,0,0.01825,0.013927999999964413
9,1,010111110,1,0.016,0.01365510000005088
9,1,010111110,2,0.01675,0.013676199999963501
9,1,010111110,3,0.01275,0.014258499999982632
9,1,010111110,4,0.01775,0.013729199999943376
9,1,011000000,0,0.01525,0.014744699999937438
9,1,011000000,1,0.015,0.013918900000021495
9,1,011000000,2,0.015,0.012678899999968962
9,1,011000000,3,0.01325,0.014623400000004949
9,1,011000000,4,0.01975,0.014413499999932355
9,1,011011010,0,0.01725,0.013607500000034634
9,1,011011010,1,0.02025,0.013601500000049782
9,1,011011010,2,0.0165,0.01363420000006954
9,1,011011010,3,0.01675,0.013457799999969211
9,1,011011010,4,0.01525,0.013409900000056041
9,1,011100000,0,0.02125,0.01454630000000634
9,1,011100000,1,0.01725,0.014135099999975864
9,1,011100000,2,0.0165,0.01364950000004228
9,1,011100000,3,0.01775,0.013689099999965038
9,1,011100000,4,0.01575,0.013655699999958415
9,1,011100010,0,0.0215,0.014954100000068138
9,1,011100010,1,0.0175,0.013793599999985418
9,1,011100010,2,0.01675,0.014225000000010368
9,1,011100010,3,0.01925,0.013574799999901188
9,1,011100010,4,0.01525,0.014373800000043957
9,1,011110010,0,0.015,0.014485100000001694
9,1,011110010,1,0.01675,0.014354300000036346
9,1,011110010,2,0.017,0.014200699999946664
9,1,011110010,3,0.01825,0.014266500000076121
9,1,011110010,4,0.0155,0.013831699999968805
9,1,011111101,0,0.01725,0.014840700000036122
9,1,011111101,1,0.01975,0.013659600000096361
9,1,011111101,2,0.0195,0.013782799999944473
9,1,011111101,3,0.01625,0.014795699999922363
9,1,011111101,4,0.0175,0.01347920000000613
9,1,100000100,0,0.019,0.014404900000045018
9,1,100000100,1,0.0185,0.013584100000002763
9,1,100000100,2,0.0205,0.014541000000008353
9,1,100000100,3,0.01575,0.013661899999988236
9,1,100000100,4,0.01425,0.013750200000004043
9,1,100100100,0,0.01625,0.013560600000005252
9,1,100100100,1,0.0185,0.013820600000030936
9,1,100100100,2,0.015,0.013836300000093615
9,1,100100100,3,0.01475,0.013662500000009459
9,1,100100100,4,0.016,0.013659599999982674
9,1,100101011,0,0.01625,0.014610900000093352
9,1,100101011,1,0.01775,0.014235600000006343
9,1,100101011,2,0.0195,0.013699200000019118
9,1,100101011,3,0.02,0.013609900000005837
9,1,100101011,4,0.01475,0.013811099999998078
9,1,100101111,0,0.01725,0.014685399999962101
9,1,100101111,1,0.0165,0.013617699999940669
9,1,100101111,2,0.019,0.01662490000001071
9,1,100101111,3,0.01925,0.013705499999900894
9,1,100101111,4,0.0195,0.013480200000003606
9,1,100111001,0,0.01775,0.014962900000000445
9,1,100111001,1,0.018,0.01394479999999021
9,1,100111001,2,0.01675,0.013202799999930903
9,1,100111001,3,0.01825,0.013301599999977043
9,1,100111001,4,0.022,0.01304430000004686
9,1,101000001,0,0.013,0.014719399999989946
9,1,101000001,1,0.0125,0.014226099999973485
9,1,101000001,2,0.01825,0.014031000000045424
9,1,101000001,3,0.01425,0.014487600000052225
9,1,101000001,4,0.02,0.013771099999985381
9,1,101000101,0,0.0175,0.014068899999983842
9,1,101000101,1,0.01625,0.014244900000107918
9,1,101000101,2,0.01675,0.014237099999945713
9,1,101000101,3,0.01375,0.01425029999995786
9,1,101000101,4,0.01775,0.013677399999892259
9,1,101001100,0,0.01525,0.014050300000008065
9,1,101001100,1,0.0185,0.01361300000007759
9,1,101001100,2,0.01425,0.014637499999935244
9,1,101001100,3,0.01175,0.013644099999964965
9,1,101001100,4,0.016,0.013573500000006788
9,1,101010110,0,0.015,0.013811599999939972
9,1,101010110,1,0.016,0.013708900000096946
9,1,101010110,2,0.0205,0.013990000000035252
9,1,101010110,3,0.01975,0.013648699999976088
9,1,101010110,4,0.0155,0.013508600000022852
9,1,101110011,0,0.02025,0.014338500000008025
9,1,101110011,1,0.015,0.013905799999974988
9,1,101110011,2,0.017,0.013994000000025153
9,1,101110011,3,0.01825,0.014156100000036531
9,1,101110011,4,0.016,0.014421999999967738
9,1,101110101,0,0.021,0.014208400000029542
9,1,101110101,1,0.0165,0.01401850000002014
9,1,101110101,2,0.018,0.013083800000003976
9,1,101110101,3,0.01675,0.017283099999986007
9,1,101110101,4,0.016,0.0170556000000488
9,1,101111110,0,0.0205,0.014259300000048825
9,1,101111110,1,0.0175,0.013528300000075433
9,1,101111110,2,0.0175,0.01363790000004883
9,1,101111110,3,0.01875,0.013881100000048718
9,1,101111110,4,0.014,0.013605999999981577
9,1,101111111,0,0.021,0.01427739999996902
9,1,101111111,1,0.01575,0.014524499999993168
9,1,101111111,2,0.0175,0.014278900000022077
9,1,101111111,3,0.0185,0.01353310000001784
9,1,101111111,4,0.01375,0.01609999999993761
9,1,110000001,0,0.019,0.01486499999998614
9,1,110000001,1,0.01425,0.01421549999997751
9,1,110000001,2,0.01825,0.013807899999960682
9,1,110000001,3,0.01775,0.013754800000015166
9,1,110000001,4,0.01625,0.013616299999966941
9,1,110001010,0,0.02225,0.013958499999944252
9,1,110001010,1,0.0175,0.014734900000007656
9,1,110001010,2,0.01825,0.01403529999993225
9,1,110001010,3,0.01725,0.014024599999970633
9,1,110001010,4,0.0175,0.01343609999992168
9,1,110001011,0,0.022,0.017508399999996982
9,1,110001011,1,0.017,0.013770600000043487
9,1,110001011,2,0.0165,0.013771700000006604
9,1,110001011,3,0.01775,0.01351610000006076
9,1,110001011,4,0.01675,0.013493400000015754
9,1,110001111,0,0.0175,0.01401480000004085
9,1,110001111,1,0.0145,0.014071500000000015
9,1,110001111,2,0.0145,0.014245400000049813
9,1,110001111,3,0.01525,0.013673799999992298
9,1,110001111,4,0.01925,0.013554300000009789
9,1,110010001,0,0.01775,0.014229800000066462
9,1,110010001,1,0.0155,0.013957799999957388
9,1,110010001,2,0.01325,0.013477800000032403
9,1,110010001,3,0.0175,0.013527099999919301
9,1,110010001,4,0.02,0.014446199999952114
9,1,110010011,0,0.01575,0.014450900000042566
9,1,110010011,1,0.014,0.013938700000039717
9,1,110010011,2,0.016,0.013728900000046451
9,1,110010011,3,0.0205,0.012859800000001087
9,1,110010011,4,0.0215,0.013388899999995374
9,1,110010100,0,0.01475,0.014316399999984242
9,1,110010100,1,0.01425,0.01433329999997568
9,1,110010100,2,0.017,0.015060999999946034
9,1,110010100,3,0.02025,0.014011900000014066
9,1,110010100,4,0.0235,0.01353879999999208
9,1,110010110,0,0.01625,0.014977300000055038
9,1,110010110,1,0.0145,0.0145090999999411
9,1,110010110,2,0.017,0.013787800000045536
9,1,110010110,3,0.02225,0.013607500000034634
9,1,110010110,4,0.0225,0.014520500000003267
9,1,110011001,0,0.01725,0.014609199999995326
9,1,110011001,1,0.0165,0.013553499999943597
9,1,110011001,2,0.01925,0.01365469999996094
9,1,110011001,3,0.0195,0.01357230000007803
9,1,110011001,4,0.0205,0.013351100000022598
9,1,110100100,0,0.018,0.014019299999972645
9,1,110100100,1,0.02325,0.013749200000006567
9,1,110100100,2,0.01675,0.013653699999963465
9,1,110100100,3,0.021,0.013527800000019852
9,1,110100100,4,0.0165,0.013374999999996362
9,1,110100111,0,0.01625,0.014569599999958882
9,1,110100111,1,0.02225,0.014475800000013805
9,1,110100111,2,0.01725,0.013403699999912533
9,1,110100111,3,0.01875,0.013687199999935729
9,1,110100111,4,0.01875,0.013691099999959988
9,1,110111101,0,0.01475,0.01457489999995687
9,1,110111101,1,0.0185,0.013709000000062588
9,1,110111101,2,0.01525,0.013525200000003679
9,1,110111101,3,0.01825,0.013586400000008325
9,1,110111101,4,0.012,0.013988799999992807
9,1,111001001,0,0.02,0.013998099999980695
9,1,111001001,1,0.01475,0.013290999999981068
9,1,111001001,2,0.01675,0.014493499999957749
9,1,111001001,3,0.0165,0.013724799999977222
9,1,111001001,4,0.01825,0.013640199999940705
9,1,111010010,0,0.01225,0.01491010000006554
9,1,111010010,1,0.0205,0.014842000000044209
9,1,111010010,2,0.01825,0.01409220000005007
9,1,111010010,3,0.0195,0.01358709999999519
9,1,111010010,4,0.0165,0.01345030000004499
9,1,111011001,0,0.01725,0.013933400000041729
9,1,111011001,1,0.0145,0.013092900000060581
9,1,111011001,2,0.01875,0.014082899999948495
9,1,111011001,3,0.01875,0.013704000000075212
9,1,111011001,4,0.018,0.013599900000031084
9,1,111100010,0,0.01975,0.014621099999999387
9,1,111100010,1,0.0155,0.01419280000004619
9,1,111100010,2,0.01925,0.014676899999926718
9,1,111100010,3,0.01625,0.014436499999987973
9,1,111100010,4,0.0155,0.01405299999998988
9,1,111101001,0,0.01625,0.015043699999978344
9,1,111101001,1,0.01575,0.013641599999914433
9,1,111101001,2,0.01625,0.014166300000056253
9,1,111101001,3,0.01525,0.014935199999968063
9,1,111101001,4,0.01975,0.013905600000043705
9,1,111101011,0,0.01425,0.014175700000009783
9,1,111101011,1,0.0165,0.013900000000035106
9,1,111101011,2,0.0175,0.014617000000043845
9,1,111101011,3,0.016,0.013661099999922044
9,1,111101011,4,0.02225,0.01365690000000086
9,1,111110010,0,0.0195,0.015399000000002161
9,1,111110010,1,0.016,0.013951299999916955
9,1,111110010,2,0.0175,0.01391050000006544
9,1,111110010,3,0.0155,0.013924200000019482
9,1,111110010,4,0.02025,0.014535099999989143
9,1,111111000,0,0.0205,0.014874800000029609
9,1,111111000,1,0.01725,0.014184300000010808
9,1,111111000,2,0.02025,0.013911300000017945
9,1,111111000,3,0.016,0.014236399999958849
9,1,111111000,4,0.023,0.014458500000046115
9,17,000000010,0,0.999,0.019448900000043068
9,17,000000010,1,0.99975,0.017837700000086443
9,17,000000010,2,0.9995,0.021398900000008325
9,17,000000010,3,0.99975,0.01776510000001963
9,17,000000010,4,0.9995,0.017831699999987904
9,17,000001000,0,0.999,0.017996299999936127
9,17,000001000,1,0.99975,0.018017299999996794
9,17,000001000,2,0.9995,0.017522500000040964
9,17,000001000,3,0.99975,0.017284399999994093
9,17,000001000,4,0.9995,0.01662090000002081
9,17,000010011,0,0.99925,0.017442599999981212
9,17,000010011,1,0.99975,0.01699339999993299
9,17,000010011,2,0.9995,0.018191300000012234
9,17,000010011,3,0.99975,0.017358100000024024
9,17,000010011,4,0.9995,0.016868499999986852
9,17,000100011,0,0.99925,0.017614699999967343
9,17,000100011,1,0.99975,0.017663699999957316
9,17,000100011,2,0.9995,0.01746499999990192
9,17,000100011,3,1.0,0.017693000000008396
9,17,000100011,4,0.9995,0.018889500000000226
9,17,000100110,0,0.99925,0.017791900000020178
9,17,000100110,1,0.99975,0.01835259999995742
9,17,000100110,2,0.9995,0.017918799999961266
9,17,000100110,3,1.0,0.017495100000019193
9,17,000100110,4,0.9995,0.018802300000061223
9,17,000101011,0,0.99925,0.02261009999995167
9,17,000101011,1,0.99975,0.01815929999997934
9,17,000101011,2,0.9995,0.01928320000001804
9,17,000101011,3,1.0,0.018084200000089368
9,17,000101011,4,0.9995,0.018203299999981937
9,17,000110011,0,0.99925,0.019842600000060884
9,17,000110011,1,0.99975,0.018682500000068103
9,17,000110011,2,0.9995,0.019034000000033302
9,17,000110011,3,1.0,0.017990700000041215
9,17,000110011,4,0.9995,0.020632399999954032
9,17,000111101,0,0.99925,0.018114500000024236
9,17,000111101,1,0.99975,0.018266099999891594
9,17,000111101,2,0.9995,0.018102800000065145
9,17,000111101,3,1.0,0.018731600000023718
9,17,000111101,4,0.9995,0.017552799999975832
9,17,000111110,0,0.9995,0.018803999999931875
9,17,000111110,1,0.99975,0.018104300000004514
9,17,000111110,2,0.9995,0.019285800000034214
9,17,000111110,3,1.0,0.01845939999998336
9,17,000111110,4,0.9995,0.01841279999996459
9,17,001100011,0,0.99975,0.024031499999978223
9,17,001100011,1,0.99975,0.021239999999920656
9,17,001100011,2,0.99975,0.019875700000056895
9,17,001100011,3,1.0,0.020016800000007606
9,17,001100011,4,0.9995,0.021866700000032324
9,17,001100111,0,0.9995,0.018341599999985192
9,17,001100111,1,0.99975,0.018021699999962948
9,17,001100111,2,0.99975,0.018082200000094417
9,17,001100111,3,1.0,0.01784459999998944
9,17,001100111,4,0.9995,0.01835289999996803
9,17,001101000,0,0.9995,0.02023780000001807
9,17,001101000,1,0.99975,0.019191100000057304
9,17,001101000,2,0.99975,0.019892299999924035
9,17,001101000,3,1.0,0.020948700000076315
9,17,001101000,4,0.9995,0.020558199999982207
9,17,001101111,0,0.9995,0.02227499999992233
9,17,001101111,1,0.9995,0.01877510000008442
9,17,001101111,2,0.99975,0.01933120000001054
9,17,001101111,3,1.0,0.018633700000009412
9,17,001101111,4,0.99975,0.021588600000086444
9,17,001110000,0,0.9995,0.01920949999998811
9,17,001110000,1,0.9995,0.019919599999980164
9,17,001110000,2,0.99975,0.0194430999999895
9,17,001110000,3,1.0,0.01941999999996824
9,17,001110000,4,0.99975,0.022154999999997926
9,17,001110101,0,0.9995,0.02055849999999282
9,17,001110101,1,0.9995,0.019865299999992203
9,17,001110101,2,0.99975,0.01903509999999642
9,17,001110101,3,1.0,0.019660700000031284
9,17,001110101,4,0.99975,0.019327499999917563
9,17,001111110,0,0.9995,0.01970630000005258
9,17,001111110,1,0.9995,0.01978309999992689
9,17,001111110,2,0.99975,0.02151590000005399
9,17,001111110,3,1.0,0.020982599999911145
9,17,001111110,4,0.99975,0.019479100000012295
9,17,001111111,0,0.9995,0.019975400000021182
9,17,001111111,1,0.9995,0.020038500000055137
9,17,001111111,2,0.99975,0.01959420000002865
9,17,001111111,3,1.0,0.018582700000024488
9,17,001111111,4,0.99975,0.01816580000001977
9,17,010000000,0,0.9995,0.01865399999996953
9,17,010000000,1,0.9995,0.01839669999992566
9,17,010000000,2,0.99975,0.01834930000006807
9,17,010000000,3,1.0,0.01857940000002145
9,17,010000000,4,0.99975,0.01851929999997992
9,17,010000111,0,0.9995,0.01878610000005665
9,17,010000111,1,0.9995,0.017353999999954794
9,17,010000111,2,0.99975,0.018762899999956062
9,17,010000111,3,0.99975,0.019290899999987232
9,17,010000111,4,0.99975,0.018242100000065875
9,17,010011101,0,0.9995,0.019268699999997807
9,17,010011101,1,0.9995,0.01887049999993451
9,17,010011101,2,0.99975,0.0185406000000512
9,17,010011101,3,0.99975,0.01857140000004165
9,17,010011101,4,0.99975,0.019411900000022797
9,17,010100010,0,0.9995,0.019395700000018223
9,17,010100010,1,0.9995,0.019648199999892313
9,17,010100010,2,0.99975,0.019503199999917342
9,17,010100010,3,0.99975,0.019689500000026783
9,17,010100010,4,0.99975,0.018909099999973478
9,17,010100111,0,0.9995,0.01924440000004779
9,17,010100111,1,0.9995,0.018686800000068615
9,17,010100111,2,0.99975,0.01866819999997915
9,17,010100111,3,0.99975,0.018500799999969786
9,17,010100111,4,0.99975,0.01851699999997436
9,17,010110110,0,0.9995,0.019515200000000732
9,17,010110110,1,0.9995,0.017934400000058304
9,17,010110110,2,0.99975,0.0189892000000782
9,17,010110110,3,0.99975,0.01874729999997271
9,17,010110110,4,0.99975,0.019172099999991588
9,17,010111001,0,0.9995,0.01860829999998259
9,17,010111001,1,0.9995,0.021590199999991455
9,17,010111001,2,0.99975,0.019366300000001502
9,17,010111001,3,0.99975,0.018500099999982922
9,17,010111001,4,0.99975,0.018807499999979882
9,17,010111110,0,0.9995,0.019126799999980904
9,17,010111110,1,0.9995,0.01976799999999912
9,17,010111110,2,0.99975,0.01893099999995229
9,17,010111110,3,0.99975,0.018879399999946145
9,17,010111110,4,0.99975,0.01861380000002555
9,17,011000000,0,0.9995,0.019229499999937616
9,17,011000000,1,0.9995,0.02196630000003097
9,17,011000000,2,0.99975,0.018897000000038133
9,17,011000000,3,0.99975,0.01834370000005947
9,17,011000000,4,0.99975,0.019745999999940977
9,17,011011010,0,0.99925,0.0199544000000742
9,17,011011010,1,0.9995,0.01925850000009177
9,17,011011010,2,0.9995,0.019889300000045296
9,17,011011010,3,0.99975,0.019533700000010867
9,17,011011010,4,0.99925,0.019875200000001314
9,17,011100000,0,0.99925,0.019413699999972778
9,17,011100000,1,0.9995,0.01889989999995123
9,17,011100000,2,0.99975,0.01973689999999806
9,17,011100000,3,0.99975,0.019614799999999377
9,17,011100000,4,0.99925,0.020014500000002045
9,17,011100010,0,0.999,0.020708600000034494
9,17,011100010,1,0.9995,0.019203999999945154
9,17,011100010,2,0.99975,0.019094600000016726
9,17,011100010,3,0.99975,0.020876199999975142
9,17,011100010,4,0.99925,0.018837299999972856
9,17,011110010,0,0.999,0.01955720000000838
9,17,011110010,1,0.9995,0.018561200000021927
9,17,011110010,2,0.99975,0.01827000000002954
9,17,011110010,3,0.99975,0.018562500000030013
9,17,011110010,4,0.99925,0.01980229999992389
9,17,011111101,0,0.999,0.019798100000002705
9,17,011111101,1,0.9995,0.018735999999989872
9,17,011111101,2,0.99975,0.01848870000003444
9,17,011111101,3,0.99975,0.018723399999998946
9,17,011111101,4,0.99925,0.019582599999921513
9,17,100000100,0,0.999,0.01982989999999063
9,17,100000100,1,0.9995,0.019553799999926014
9,17,100000100,2,0.99975,0.02030760000002374
9,17,100000100,3,0.99975,0.01908570000000509
9,17,100000100,4,0.99925,0.0191843999999719
9,17,100100100,0,0.999,0.02093359999992117
9,17,100100100,1,0.9995,0.01893099999995229
9,17,100100100,2,0.99975,0.01950550000003659
9,17,100100100,3,0.99975,0.019175499999960266
9,17,100100100,4,0.99925,0.020058899999980895
9,17,100101011,0,0.999,0.020249200000080236
9,17,100101011,1,0.9995,0.02012769999998909
9,17,100101011,2,0.99975,0.018738799999937328
9,17,100101011,3,0.99975,0.019666600000050494
9,17,100101011,4,0.99925,0.01911989999996422
9,17,100101111,0,0.999,0.019176100000095175
9,17,100101111,1,0.9995,0.018498700000009194
9,17,100101111,2,0.99975,0.019320900000025176
9,17,100101111,3,0.99975,0.018531199999983983
9,17,100101111,4,0.99925,0.01874869999994644
9,17,100111001,0,0.999,0.019802600000048187
9,17,100111001,1,0.9995,0.01921930000003158
9,17,100111001,2,0.99975,0.023618900000087706
9,17,100111001,3,0.99975,0.01939449999997578
9,17,100111001,4,0.99925,0.01953800000001138
9,17,101000001,0,0.999,0.01851679999992939
9,17,101000001,1,0.9995,0.020538199999919016
9,17,101000001,2,0.99975,0.018778999999994994
9,17,101000001,3,0.99975,0.020370500000012726
9,17,101000001,4,0.99925,0.019795699999917815
9,17,101000101,0,0.999,0.019381300000077317
9,17,101000101,1,0.9995,0.021959199999969314
9,17,101000101,2,0.99975,0.0193075999999337
9,17,101000101,3,0.99975,0.019441299999925832
9,17,101000101,4,0.99925,0.020073200000069846
9,17,101001100,0,0.999,0.021314200000006167
9,17,101001100,1,0.9995,0.019441299999925832
9,17,101001100,2,0.99975,0.019995300000005045
9,17,101001100,3,0.99975,0.01919379999992543
9,17,101001100,4,0.99925,0.01976439999998547
9,17,101010110,0,0.99925,0.021179000000074666
9,17,101010110,1,0.9995,0.01914770000007593
9,17,101010110,2,0.99975,0.019660700000031284
9,17,101010110,3,0.99975,0.0196114000000307
9,17,101010110,4,0.99925,0.01958430000001954
9,17,101110011,0,0.999,0.020643999999947482
9,17,101110011,1,0.9995,0.01959790000000794
9,17,101110011,2,0.99975,0.02147930000000997
9,17,101110011,3,0.99975,0.020294600000056562
9,17,101110011,4,0.99925,0.01992280000001756
9,17,101110101,0,0.999,0.019955100000061066
9,17,101110101,1,0.9995,0.02036950000001525
9,17,101110101,2,0.99975,0.019858500000054846
9,17,101110101,3,0.99975,0.019740299999966737
9,17,101110101,4,0.99925,0.019343599999956496
9,17,101111110,0,0.999,0.02029000000004544
9,17,101111110,1,0.9995,0.01961170000004131
9,17,101111110,2,0.99975,0.019863000000100328
9,17,101111110,3,0.99975,0.01993100000004233
9,17,101111110,4,0.99925,0.020164899999940644
9,17,101111111,0,0.999,0.020871199999987766
9,17,101111111,1,0.9995,0.020525099999986196
9,17,101111111,2,0.99975,0.023349600000074133
9,17,101111111,3,0.99975,0.019822599999997692
9,17,101111111,4,0.99925,0.019824500000027
9,17,110000001,0,0.999,0.019838499999991654
9,17,110000001,1,0.9995,0.0194854999999734
9,17,110000001,2,0.99975,0.020353899999918212
9,17,110000001,3,0.99975,0.019537099999979546
9,17,110000001,4,0.99925,0.019478800000001684
9,17,110001010,0,0.999,0.019544799999948737
9,17,110001010,1,0.9995,0.01997870000002422
9,17,110001010,2,0.99975,0.020182700000077602
9,17,110001010,3,0.99975,0.02004859999999553
9,17,110001010,4,0.99925,0.019303499999978158
9,17,110001011,0,0.999,0.020052899999996043
9,17,110001011,1,0.9995,0.019967800000017633
9,17,110001011,2,0.99975,0.019882200000097328
9,17,110001011,3,0.99975,0.019992100000081336
9,17,110001011,4,0.99925,0.019945099999972626
9,17,110001111,0,0.999,0.02112699999997858
9,17,110001111,1,0.9995,0.0202307000000701
9,17,110001111,2,0.99975,0.020091900000011265
9,17,110001111,3,0.99975,0.02004650000003494
9,17,110001111,4,0.99925,0.020091800000045623
9,17,110010001,0,0.999,0.020184999999969477
9,17,110010001,1,0.9995,0.019923499999890737
9,17,110010001,2,0.99975,0.019897300000025098
9,17,110010001,3,0.99975,0.02303200000005745
9,17,110010001,4,0.999,0.020577099999968596
9,17,110010011,0,0.999,0.022911500000077467
9,17,110010011,1,0.9995,0.02060390000008283
9,17,110010011,2,0.99975,0.020768399999951725
9,17,110010011,3,0.99975,0.019883400000026086
9,17,110010011,4,0.999,0.02069599999992988
9,17,110010100,0,0.999,0.020796799999970972
9,17,110010100,1,0.9995,0.025153900000077556
9,17,110010100,2,0.99975,0.02348159999996824
9,17,110010100,3,0.99975,0.020291400000019166
9,17,110010100,4,0.999,0.0206150000000207
9,17,110010110,0,0.999,0.02335809999999583
9,17,110010110,1,0.9995,0.02049479999993764
9,17,110010110,2,0.99975,0.020753199999944627
9,17,110010110,3,0.99975,0.020404699999971854
9,17,110010110,4,0.999,0.019906100000071092
9,17,110011001,0,0.999,0.02073999999993248
9,17,110011001,1,0.9995,0.02049669999996695
9,17,110011001,2,0.99975,0.019884900000079142
9,17,110011001,3,0.99975,0.0208625000000211
9,17,110011001,4,0.999,0.020454100000051767
9,17,110100100,0,0.999,0.02302180000003773
9,17,110100100,1,0.9995,0.019768499999941014
9,17,110100100,2,0.99975,0.02133179999998447
9,17,110100100,3,0.99975,0.02046219999999721
9,17,110100100,4,0.999,0.02011660000005122
9,17,110100111,0,0.999,0.022476200000028257
9,17,110100111,1,0.9995,0.020366499999909138
9,17,110100111,2,0.99975,0.020159199999966404
9,17,110100111,3,0.99975,0.020219900000029156
9,17,110100111,4,0.999,0.019924899999978152
9,17,110111101,0,0.999,0.019677499999943393
9,17,110111101,1,0.9995,0.019758599999931903
9,17,110111101,2,0.99975,0.01951320000000578
9,17,110111101,3,0.99975,0.0231956000000082
9,17,110111101,4,0.999,0.019615799999996852
9,17,111001001,0,0.999,0.020853200000033212
9,17,111001001,1,0.9995,0.020534499999939726
9,17,111001001,2,0.99975,0.0210840999999391
9,17,111001001,3,0.99975,0.023208500000009735
9,17,111001001,4,0.999,0.02154680000001008
9,17,111010010,0,0.999,0.02413309999997182
9,17,111010010,1,0.9995,0.020791600000052313
9,17,111010010,2,0.99975,0.021647599999937484
9,17,111010010,3,0.99975,0.020497099999943202
9,17,111010010,4,0.999,0.020428800000104275
9,17,111011001,0,0.999,0.026333000000022366
9,17,111011001,1,0.9995,0.020669800000064242
9,17,111011001,2,0.99975,0.020643500000005588
9,17,111011001,3,0.99975,0.02044239999997899
9,17,111011001,4,0.999,0.02030939999997372
9,17,111100010,0,0.999,0.021068099999979495
9,17,111100010,1,0.9995,0.020296700000017154
9,17,111100010,2,0.99975,0.021095900000091206
9,17,111100010,3,0.99975,0.020016400000031354
9,17,111100010,4,0.999,0.021616100000073857
9,17,111101001,0,0.999,0.02080979999993815
9,17,111101001,1,0.9995,0.020617700000002515
9,17,111101001,2,0.99975,0.020485999999891646
9,17,111101001,3,0.99975,0.02033100000005561
9,17,111101001,4,0.999,0.020771200000012868
9,17,111101011,0,0.999,0.021724100000028557
9,17,111101011,1,0.9995,0.021243799999979274
9,17,111101011,2,0.99975,0.020378600000071856
9,17,111101011,3,0.99975,0.021140100000025086
9,17,111101011,4,0.999,0.020682899999997062
9,17,111110010,0,0.999,0.021853500000020176
9,17,111110010,1,0.9995,0.02028409999991254
9,17,111110010,2,0.99975,0.020968999999922744
9,17,111110010,3,0.99975,0.02038649999997233
9,17,111110010,4,0.999,0.020972799999981362
9,17,111111000,0,0.999,0.021845200000029763
9,17,111111000,1,0.99975,0.02056870000001254
9,17,111111000,2,0.99975,0.021461600000066028
9,17,111111000,3,0.99975,0.02203640000004725
9,17,111111000,4,0.999,0.02041770000005272
10,1,0000001101,0,0.00825,0.015517899999963447
10,1,0000001101,1,0.00825,0.01512650000006488
10,1,0000001101,2,0.0085,0.01501020000000608
10,1,0000001101,3,0.00725,0.014987399999995432
10,1,0000001101,4,0.00975,0.015151300000070478
10,1,0000010001,0,0.00975,0.014807399999995141
10,1,0000010001,1,0.0065,0.015206100000000333
10,1,0000010001,2,0.00875,0.01880530000005365
10,1,0000010001,3,0.00925,0.01522079999995185
10,1,0000010001,4,0.00975,0.014767900000038026
10,1,0000011000,0,0.0105,0.014411199999926794
10,1,0000011000,1,0.008,0.014780099999939011
10,1,0000011000,2,0.009,0.01584699999989425
10,1,0000011000,3,0.01025,0.014452299999902607
10,1,0000011000,4,0.0105,0.015078900000048634
10,1,0000011100,0,0.009,0.014733100000057675
10,1,0000011100,1,0.00875,0.015358900000023823
10,1,0000011100,2,0.008,0.01584309999998368
10,1,0000011100,3,0.01025,0.015585099999952945
10,1,0000011100,4,0.00975,0.015868699999941782
10,1,0000011101,0,0.00775,0.015562400000021626
10,1,0000011101,1,0.00825,0.014635499999940293
10,1,0000011101,2,0.00825,0.014838499999996202
10,1,0000011101,3,0.0095,0.015054899999995541
10,1,0000011101,4,0.0095,0.015190899999993235
10,1,0000101001,0,0.00775,0.016027199999939512
10,1,0000101001,1,0.01025,0.016690599999947153
10,1,0000101001,2,0.0085,0.016564000000016676
10,1,0000101001,3,0.007,0.016089299999975992
10,1,0000101001,4,0.0095,0.014672799999971176
10,1,0000110000,0,0.00925,0.017114299999889226
10,1,0000110000,1,0.01075,0.015826899999979105
10,1,0000110000,2,0.00775,0.015502599999990707
10,1,0000110000,3,0.00825,0.015212700000006407
10,1,0000110000,4,0.0055,0.01522469999997611
10,1,0000110001,0,0.0095,0.014348700000027748
10,1,0000110001,1,0.01025,0.015467600000079074
10,1,0000110001,2,0.008,0.016206000000011045
10,1,0000110001,3,0.008,0.015146299999969415
10,1,0000110001,4,0.0065,0.015142100000048231
10,1,0000111100,0,0.0075,0.014957400000071175
10,1,0000111100,1,0.00875,0.01552880000008372
10,1,0000111100,2,0.01125,0.014862099999959355
10,1,0000111100,3,0.00775,0.015420800000015333
10,1,0000111100,4,0.0105,0.014891299999931107
10,1,0000111101,0,0.008,0.01936769999997523
10,1,0000111101,1,0.00925,0.020354300000008152
10,1,0000111101,2,0.01075,0.01735970000004272
10,1,0000111101,3,0.008,0.014342100000021674
10,1,0000111101,4,0.01025,0.014593500000046333
10,1,0001001110,0,0.0095,0.01611400000001595
10,1,0001001110,1,0.00675,0.015111199999978453
10,1,0001001110,2,0.00725,0.014908399999967514
10,1,0001001110,3,0.007,0.015340100000003076
10,1,0001001110,4,0.00825,0.015537699999981669
10,1,0001011110,0,0.01125,0.014947300000017094
10,1,0001011110,1,0.0085,0.014755199999967772
10,1,0001011110,2,0.0085,0.015658700000017234
10,1,0001011110,3,0.008,0.017257299999982934
10,1,0001011110,4,0.011,0.015261300000020128
10,1,0001100101,0,0.01025,0.016941200000019307
10,1,0001100101,1,0.00875,0.01913979999994808
10,1,0001100101,2,0.01275,0.018093000000021675
10,1,0001100101,3,0.0075,0.01889209999990271
10,1,0001100101,4,0.0075,0.016685800000004747
10,1,0001101010,0,0.00975,0.014914999999973588
10,1,0001101010,1,0.0065,0.014189900000019406
10,1,0001101010,2,0.01125,0.015361299999995026
10,1,0001101010,3,0.0075,0.014634699999987788
10,1,0001101010,4,0.007,0.015603300000066156
10,1,0001110011,0,0.0085,0.014962299999979223
10,1,0001110011,1,0.01025,0.015246299999944313
10,1,0001110011,2,0.009,0.014353999999912048
10,1,0001110011,3,0.00775,0.015326299999969706
10,1,0001110011,4,0.008,0.014830100000040147
10,1,0001111010,0,0.0065,0.015116000000034546
10,1,0001111010,1,0.00825,0.015180100000065977
10,1,0001111010,2,0.0105,0.01459039999997458
10,1,0001111010,3,0.00625,0.015545299999985218
10,1,0001111010,4,0.009,0.01442450000001827
10,1,0010011110,0,0.00975,0.01644859999998971
10,1,0010011110,1,0.00675,0.01534270000001925
10,1,0010011110,2,0.0095,0.015454800000043178
10,1,0010011110,3,0.011,0.015434400000003734
10,1,0010011110,4,0.00725,0.015283699999940836
10,1,0010100100,0,0.01025,0.01606010000000424
10,1,0010100100,1,0.0075,0.014996400000086396
10,1,0010100100,2,0.00875,0.016035299999998642
10,1,0010100100,3,0.01125,0.01609269999994467
10,1,0010100100,4,0.0095,0.016025499999955173
10,1,0010111110,0,0.00875,0.015289800000005016
10,1,0010111110,1,0.0095,0.014759700000013254
10,1,0010111110,2,0.01275,0.016164799999955903
10,1,0010111110,3,0.00675,0.015514400000029127
10,1,0010111110,4,0.0085,0.016313800000034462
10,1,0011000000,0,0.0105,0.015264900000033776
10,1,0011000000,1,0.00875,0.01478369999995266
10,1,0011000000,2,0.0115,0.015104800000017349
10,1,0011000000,3,0.00625,0.014959700000076737
10,1,0011000000,4,0.0095,0.014801599999941573
10,1,0011100000,0,0.00675,0.015572099999985767
10,1,0011100000,1,0.0095,0.015071799999986979
10,1,0011100000,2,0.0075,0.014495800000076997
10,1,0011100000,3,0.0085,0.015576899999928173
10,1,0011100000,4,0.007,0.014971899999977722
10,1,0011101000,0,0.00875,0.01547660000005635
10,1,0011101000,1,0.0095,0.015045299999997042
10,1,0011101000,2,0.00975,0.014916500000026645
10,1,0011101000,3,0.007,0.01558450000004541
10,1,0011101000,4,0.00925,0.015614499999969667
10,1,0011110010,0,0.0105,0.015223700000092322
10,1,0011110010,1,0.0095,0.016609600000037972
10,1,0011110010,2,0.00725,0.015185699999960889
10,1,0011110010,3,0.01,0.015018900000086433
10,1,0011110010,4,0.01075,0.01493259999995189
10,1,0100011011,0,0.00975,0.01498380000009547
10,1,0100011011,1,0.00825,0.0147141999999576
10,1,0100011011,2,0.00975,0.014845000000036634
10,1,0100011011,3,0.0125,0.01806490000001304
10,1,0100011011,4,0.011,0.014922600000090824
10,1,0101001010,0,0.00775,0.015200599999957376
10,1,0101001010,1,0.00775,0.014941300000032243
10,1,0101001010,2,0.0095,0.014845400000012887
10,1,0101001010,3,0.00775,0.014885800000001836
10,1,0101001010,4,0.009,0.014726800000062212
10,1,0101001101,0,0.0065,0.015900800000054005
10,1,0101001101,1,0.007,0.01533089999998083
10,1,0101001101,2,0.0095,0.015566600000056496
10,1,0101001101,3,0.00775,0.014883099999906335
10,1,0101001101,4,0.009,0.015506399999935638
10,1,0101010001,0,0.007,0.015621600000031322
10,1,0101010001,1,0.00775,0.014295299999957933
10,1,0101010001,2,0.00875,0.015055599999982405
10,1,0101010001,3,0.007,0.01455070000008618
10,1,0101010001,4,0.0095,0.01591719999998986
10,1,0101111010,0,0.01025,0.01469520000000557
10,1,0101111010,1,0.0085,0.014277799999945273
10,1,0101111010,2,0.006,0.01495030000000952
10,1,0101111010,3,0.00925,0.01400100000000748
10,1,0101111010,4,0.0085,0.014812900000038098
10,1,0101111111,0,0.00825,0.014491499999962798
10,1,0101111111,1,0.00825,0.014085500000078355
10,1,0101111111,2,0.00525,0.01479159999996682
10,1,0101111111,3,0.01075,0.015185299999984636
10,1,0101111111,4,0.0085,0.015707600000041566
10,1,0110001010,0,0.00975,0.014862099999959355
10,1,0110001010,1,0.0095,0.015426999999931468
10,1,0110001010,2,0.009,0.015463800000020456
10,1,0110001010,3,0.00975,0.014906200000041281
10,1,0110001010,4,0.007,0.01464269999996759
10,1,0110010000,0,0.0095,0.015989300000001094
10,1,0110010000,1,0.01025,0.015143699999953242
10,1,0110010000,2,0.0105,0.016127200000028097
10,1,0110010000,3,0.0095,0.014773500000046624
10,1,0110010000,4,0.00525,0.01501220000000103
10,1,0110010111,0,0.0085,0.015759300000013354
10,1,0110010111,1,0.0095,0.015056899999990492
10,1,0110010111,2,0.00625,0.01468509999995149
10,1,0110010111,3,0.0095,0.01577190000000428
10,1,0110010111,4,0.00575,0.015315200000031837
10,1,0110101001,0,0.008,0.01590150000004087
10,1,0110101001,1,0.0085,0.014437199999974837
10,1,0110101001,2,0.01,0.014609600000085265
10,1,0110101001,3,0.00925,0.015042600000015227
10,1,0110101001,4,0.008,0.014740500000016254
10,1,0110111000,0,0.0095,0.017211100000054103
10,1,0110111000,1,0.00875,0.015849400000092828
10,1,0110111000,2,0.0105,0.015096599999992577
10,1,0110111000,3,0.00875,0.015724199999908706
10,1,0110111000,4,0.0135,0.016003600000090046
10,1,0110111001,0,0.00825,0.014654100000029757
10,1,0110111001,1,0.00875,0.014770099999964259
10,1,0110111001,2,0.011,0.016736300000047777
10,1,0110111001,3,0.00925,0.015842000000020562
10,1,0110111001,4,0.01325,0.017596400000002177
10,1,0111000111,0,0.0095,0.01538360000006378
10,1,0111000111,1,0.0085,0.015283399999930225
10,1,0111000111,2,0.00975,0.015180699999973513
10,1,0111000111,3,0.0085,0.014849500000082116
10,1,0111000111,4,0.01075,0.014478599999961261
10,1,0111101110,0,0.00775,0.015327599999977792
10,1,0111101110,1,0.0085,0.01484430000004977
10,1,0111101110,2,0.0055,0.015663099999983388
10,1,0111101110,3,0.00825,0.016063099999996666
10,1,0111101110,4,0.0095,0.015993499999922278
10,1,1000011000,0,0.009,0.01589200000000801
10,1,1000011000,1,0.0085,0.015880799999990813
10,1,1000011000,2,0.008,0.015844800000081705
10,1,1000011000,3,0.00825,0.014528499999983069
10,1,1000011000,4,0.0075,0.015248799999994844
10,1,1000101000,0,0.01,0.015470499999992171
10,1,1000101000,1,0.0075,0.01477820000002339
10,1,1000101000,2,0.0105,0.01543149999997695
10,1,1000101000,3,0.009,0.014105200000017248
10,1,1000101000,4,0.00975,0.01440679999996064
10,1,1001000101,0,0.01125,0.014653400000042893
10,1,1001000101,1,0.008,0.014873200000010911
10,1,1001000101,2,0.0095,0.01495429999999942
10,1,1001000101,3,0.01075,0.01435500000002321
10,1,1001000101,4,0.01,0.01720230000000811
10,1,1001011011,0,0.00875,0.01479729999994106
10,1,1001011011,1,0.008,0.013622799999893687
10,1,1001011011,2,0.0085,0.014454699999987497
10,1,1001011011,3,0.0055,0.014833600000088154
10,1,1001011011,4,0.01125,0.014104399999951056
10,1,1001011101,0,0.0095,0.016080399999964357
10,1,1001011101,1,0.0085,0.015060300000072857
10,1,1001011101,2,0.00825,0.018697599999995873
10,1,1001011101,3,0.00675,0.015224299999999857
10,1,1001011101,4,0.01275,0.015132300000004761
10,1,1001110101,0,0.0085,0.016227599999979248
10,1,1001110101,1,0.00925,0.015019899999970221
10,1,1001110101,2,0.00875,0.015892399999984264
10,1,1001110101,3,0.00775,0.014920200000005934
10,1,1001110101,4,0.00875,0.01525770000000648
10,1,1001111100,0,0.01075,0.015644899999983863
10,1,1001111100,1,0.01025,0.014798000000041611
10,1,1001111100,2,0.00925,0.014976000000046952
10,1,1001111100,3,0.00825,0.01402810000001864
10,1,1001111100,4,0.0045,0.014670900000055553
10,1,1010000001,0,0.01175,0.015402700000095138
10,1,1010000001,1,0.01325,0.015576399999986279
10,1,1010000001,2,0.00975,0.015515600000071572
10,1,1010000001,3,0.0095,0.014849000000026535
10,1,1010000001,4,0.00525,0.014215400000011869
10,1,1010010111,0,0.01125,0.01567720000002737
10,1,1010010111,1,0.00825,0.014642100000060054
10,1,1010010111,2,0.0075,0.014146900000014284
10,1,1010010111,3,0.01225,0.014957500000036816
10,1,1010010111,4,0.0105,0.014982499999973697
10,1,1010110000,0,0.00725,0.015270500000042375
10,1,1010110000,1,0.012,0.01481279999995877
10,1,1010110000,2,0.00775,0.01482290000001285
10,1,1010110000,3,0.01125,0.014849099999992177
10,1,1010110000,4,0.008,0.014584399999989728
10,1,1010110101,0,0.00575,0.015879300000051444
10,1,1010110101,1,0.009,0.014852499999960855
10,1,1010110101,2,0.00825,0.01613750000001346
10,1,1010110101,3,0.0085,0.015421199999991586
10,1,1010110101,4,0.009,0.014808999999900152
10,1,1011000000,0,0.00675,0.016154000000028645
10,1,1011000000,1,0.00825,0.014778999999975895
10,1,1011000000,2,0.006,0.015987700000096083
10,1,1011000000,3,0.00725,0.01490179999996144
10,1,1011000000,4,0.0085,0.016911199999981363
10,1,1011001110,0,0.01,0.015468899999973473
10,1,1011001110,1,0.00875,0.015408999999976913
10,1,1011001110,2,0.0095,0.015931399999999485
10,1,1011001110,3,0.01025,0.015289599999960046
10,1,1011001110,4,0.0085,0.015006800000037401
10,1,1011011000,0,0.00825,0.017522399999961635
10,1,1011011000,1,0.00875,0.014996999999993932
10,1,1011011000,2,0.0055,0.014893499999971027
10,1,1011011000,3,0.009,0.015261099999975158
10,1,1011011000,4,0.00875,0.014567100000022037
10,1,1011011111,0,0.0085,0.014787999999953172
10,1,1011011111,1,0.00825,0.0141208000000006
10,1,1011011111,2,0.00875,0.015010800000027302
10,1,1011011111,3,0.00875,0.014406500000063716
10,1,1011011111,4,0.0075,0.014228499999944688
10,1,1011100000,0,0.00825,0.01414250000004813
10,1,1011100000,1,0.00825,0.014077300000053583
10,1,1011100000,2,0.00875,0.014882300000067517
10,1,1011100000,3,0.00925,0.014612499999998363
10,1,1011100000,4,0.00775,0.014077100000008613
10,1,1011101100,0,0.0085,0.01461779999999635
10,1,1011101100,1,0.01,0.0142559999999321
10,1,1011101100,2,0.00775,0.015581099999963044
10,1,1011101100,3,0.00875,0.014466800000036528
10,1,1011101100,4,0.0075,0.014660100000014609
10,1,1100000001,0,0.01025,0.01589739999997164
10,1,1100000001,1,0.01,0.014819799999941097
10,1,1100000001,2,0.01,0.014769800000067335
10,1,1100000001,3,0.00725,0.01473169999997026
10,1,1100000001,4,0.0095,0.016194900000073176
10,1,1100100000,0,0.0105,0.015257899999937763
10,1,1100100000,1,0.01075,0.01480540000000019
10,1,1100100000,2,0.009,0.01489019999996799
10,1,1100100000,3,0.00575,0.014864200000033634
10,1,1100100000,4,0.00775,0.01458890000003521
10,1,1101001010,0,0.00625,0.016192499999988286
10,1,1101001010,1,0.00925,0.0158668999999918
10,1,1101001010,2,0.008,0.015566100000000915
10,1,1101001010,3,0.009,0.015289300000063122
10,1,1101001010,4,0.007,0.014795400000025438
10,1,1110001000,0,0.00725,0.015731000000073436
10,1,1110001000,1,0.0095,0.01493649999997615
10,1,1110001000,2,0.01075,0.01484929999992346
10,1,1110001000,3,0.01075,0.014564599999971506
10,1,1110001000,4,0.01175,0.016089999999962856
10,1,1110001001,0,0.0065,0.01618949999999586
10,1,1110001001,1,0.0105,0.01476639999998497
10,1,1110001001,2,0.011,0.014387199999987388
10,1,1110001001,3,0.0105,0.014948100000083286
10,1,1110001001,4,0.012,0.015864999999962492
10,1,1110011101,0,0.00925,0.0162595000000465
10,1,1110011101,1,0.00825,0.014884600000073078
10,1,1110011101,2,0.006,0.014984099999992395
10,1,1110011101,3,0.00825,0.014754299999935938
10,1,1110011101,4,0.0085,0.014350400000012087
10,1,1110100001,0,0.009,0.016414400000030582
10,1,1110100001,1,0.009,0.015833000000043285
10,1,1110100001,2,0.007,0.01475879999998142
10,1,1110100001,3,0.0085,0.014763599999923827
10,1,1110100001,4,0.008,0.015518199999974058
10,1,1111011000,0,0.0095,0.015113599999949656
10,1,1111011000,1,0.00825,0.016081999999983054
10,1,1111011000,2,0.00975,0.016194100000006983
10,1,1111011000,3,0.00925,0.015086399999972855
10,1,1111011000,4,0.00925,0.01684479999994437
10,1,1111101110,0,0.01,0.015156700000034107
10,1,1111101110,1,0.00525,0.014860799999951269
10,1,1111101110,2,0.0095,0.016204199999947377
10,1,1111101110,3,0.009,0.014595600000006925
10,1,1111101110,4,0.0095,0.014547100000072533
10,1,1111110000,0,0.011,0.01521679999996195
10,1,1111110000,1,0.007,0.014726999999993495
10,1,1111110000,2,0.01,0.014655100000027232
10,1,1111110000,3,0.007,0.015352400000097077
10,1,1111110000,4,0.009,0.015274300000100993
10,25,0000001101,0,0.999,0.024284999999963475
10,25,0000001101,1,0.99975,0.022587799999996605
10,25,0000001101,2,0.9995,0.02396940000005543
10,25,0000001101,3,0.99975,0.02329680000002554
10,25,0000001101,4,0.99975,0.02267400000005182
10,25,0000010001,0,0.999,0.023332200000027115
10,25,0000010001,1,0.99975,0.023152399999958106
10,25,0000010001,2,0.9995,0.022794599999997445
10,25,0000010001,3,0.99975,0.02288229999999203
10,25,0000010001,4,0.99975,0.023968800000034207
10,25,0000011000,0,0.999,0.022297999999977947
10,25,0000011000,1,0.99975,0.02317070000003696
10,25,0000011000,2,0.9995,0.023315300000035677
10,25,0000011000,3,0.99975,0.02261769999995522
10,25,0000011000,4,0.99975,0.02385340000000724
10,25,0000011100,0,0.999,0.02462310000009893
10,25,0000011100,1,0.99975,0.023788599999988946
10,25,0000011100,2,0.9995,0.023046399999998357
10,25,0000011100,3,0.99975,0.02296820000003663
10,25,0000011100,4,0.99975,0.022918900000036047
10,25,0000011101,0,0.999,0.025094300000091607
10,25,0000011101,1,0.99975,0.02307460000008632
10,25,0000011101,2,0.9995,0.023009000000001834
10,25,0000011101,3,0.99975,0.023738200000025245
10,25,0000011101,4,0.99975,0.02358819999994921
10,25,0000101001,0,0.999,0.023353499999984706
10,25,0000101001,1,0.99975,0.02359389999992345
10,25,0000101001,2,0.9995,0.022984500000006847
10,25,0000101001,3,0.99975,0.022949100000005274
10,25,0000101001,4,0.99975,0.02375649999999041
10,25,0000110000,0,0.999,0.02396320000002561
10,25,0000110000,1,0.99975,0.023291200000016943
10,25,0000110000,2,0.9995,0.023245200000019395
10,25,0000110000,3,0.99975,0.0232499999999618
10,25,0000110000,4,0.99975,0.02317229999994197
10,25,0000110001,0,0.999,0.024618800000098418
10,25,0000110001,1,0.99975,0.02449380000007295
10,25,0000110001,2,0.9995,0.023127900000076806
10,25,0000110001,3,0.99975,0.023222300000043106
10,25,0000110001,4,0.99975,0.022935999999958767
10,25,0000111100,0,0.999,0.023428899999998976
10,25,0000111100,1,0.99975,0.022985500000004322
10,25,0000111100,2,0.9995,0.02295970000000125
10,25,0000111100,3,0.99975,0.02287269999999353
10,25,0000111100,4,0.99975,0.022823299999913615
10,25,0000111101,0,0.999,0.0232747999999674
10,25,0000111101,1,0.99975,0.022267600000077437
10,25,0000111101,2,0.99925,0.02331230000004325
10,25,0000111101,3,0.99975,0.022609100000067883
10,25,0000111101,4,0.99975,0.022413799999981165
10,25,0001001110,0,0.999,0.0230124000000842
10,25,0001001110,1,0.99975,0.021835300000020652
10,25,0001001110,2,0.99925,0.023765199999957076
10,25,0001001110,3,0.99975,0.0222751999999673
10,25,0001001110,4,0.99975,0.02399070000001302
10,25,0001011110,0,0.999,0.024007700000083787
10,25,0001011110,1,0.99975,0.023526899999978923
10,25,0001011110,2,0.99925,0.023266100000000733
10,25,0001011110,3,0.99975,0.023772699999994984
10,25,0001011110,4,0.99975,0.0233759000000191
10,25,0001100101,0,0.999,0.024752000000034968
10,25,0001100101,1,0.99975,0.02386860000001434
10,25,0001100101,2,0.99925,0.025321099999928265
10,25,0001100101,3,0.99975,0.02451670000004924
10,25,0001100101,4,0.99975,0.024558999999953812
10,25,0001101010,0,0.999,0.02354569999999967
10,25,0001101010,1,0.99975,0.023680000000013024
10,25,0001101010,2,0.99925,0.02264890000003561
10,25,0001101010,3,0.99975,0.02371549999998024
10,25,0001101010,4,0.99975,0.023355100000003404
10,25,0001110011,0,0.999,0.023653100000046834
10,25,0001110011,1,0.99975,0.02328829999999016
10,25,0001110011,2,0.99925,0.024020400000040354
10,25,0001110011,3,0.99975,0.023615800000015952
10,25,0001110011,4,0.99975,0.023058700000092358
10,25,0001111010,0,0.999,0.023407600000041384
10,25,0001111010,1,0.99975,0.02330029999995986
10,25,0001111010,2,0.99925,0.023759799999993447
10,25,0001111010,3,0.99975,0.023359700000014527
10,25,0001111010,4,0.99975,0.0258593999999448
10,25,0010011110,0,0.999,0.024756599999932405
10,25,0010011110,1,0.99975,0.024822599999993145
10,25,0010011110,2,0.9995,0.023418199999923672
10,25,0010011110,3,0.99975,0.023285999999984597
10,25,0010011110,4,0.99975,0.023363099999983206
10,25,0010100100,0,0.999,0.023767200000065714
10,25,0010100100,1,0.99975,0.024504799999931492
10,25,0010100100,2,0.9995,0.023987300000044343
10,25,0010100100,3,0.99975,0.02432740000006106
10,25,0010100100,4,0.99975,0.023645800000053896
10,25,0010111110,0,0.99875,0.024634999999989304
10,25,0010111110,1,0.99975,0.024130700000000616
10,25,0010111110,2,0.9995,0.02452610000000277
10,25,0010111110,3,0.99975,0.023484899999971276
10,25,0010111110,4,0.99975,0.02412430000003951
10,25,0011000000,0,0.99875,0.024474299999951654
10,25,0011000000,1,0.99975,0.023631399999999303
10,25,0011000000,2,0.9995,0.02321360000007644
10,25,0011000000,3,0.99975,0.022769700000026205
10,25,0011000000,4,0.99975,0.024112999999942986
10,25,0011100000,0,0.99875,0.023528100000021368
10,25,0011100000,1,0.99975,0.0235302999999476
10,25,0011100000,2,0.9995,0.023585799999978008
10,25,0011100000,3,0.99975,0.02445030000001225
10,25,0011100000,4,0.99975,0.02358409999999367
10,25,0011101000,0,0.99875,0.024054999999975735
10,25,0011101000,1,0.99975,0.023609999999962383
10,25,0011101000,2,0.9995,0.02418220000004112
10,25,0011101000,3,0.99975,0.02336050000008072
10,25,0011101000,4,0.99975,0.024307200000066587
10,25,0011110010,0,0.99875,0.023994799999968563
10,25,0011110010,1,0.99975,0.0237449999999626
10,25,0011110010,2,0.9995,0.024463500000024396
10,25,0011110010,3,0.99975,0.024555399999940164
10,25,0011110010,4,0.99975,0.023313099999995757
10,25,0100011011,0,0.99875,0.02365800000006857
10,25,0100011011,1,0.99975,0.023864099999968857
10,25,0100011011,2,0.9995,0.02390149999996538
10,25,0100011011,3,0.99975,0.02471309999998539
10,25,0100011011,4,0.99975,0.023718400000007023
10,25,0101001010,0,0.99875,0.024306599999931677
10,25,0101001010,1,0.99975,0.02374120000001767
10,25,0101001010,2,0.9995,0.024732400000061716
10,25,0101001010,3,0.99975,0.023741999999970176
10,25,0101001010,4,0.99975,0.023815300000023853
10,25,0101001101,0,0.99875,0.02562250000005406
10,25,0101001101,1,0.99975,0.02413410000008298
10,25,0101001101,2,0.9995,0.023821399999974346
10,25,0101001101,3,0.99975,0.024756199999956152
10,25,0101001101,4,0.99975,0.02463840000007167
10,25,0101010001,0,0.99875,0.024570899999957874
10,25,0101010001,1,0.99975,0.024558200000001307
10,25,0101010001,2,0.9995,0.023114600000099017
10,25,0101010001,3,0.99975,0.02305290000003879
10,25,0101010001,4,0.99975,0.024511099999926955
10,25,0101111010,0,0.999,0.02437510000004295
10,25,0101111010,1,0.99975,0.024263199999950302
10,25,0101111010,2,0.9995,0.02500109999994038
10,25,0101111010,3,0.99975,0.024799599999937527
10,25,0101111010,4,0.99975,0.024712399999998524
10,25,0101111111,0,0.999,0.024788199999989047
10,25,0101111111,1,0.99975,0.0236658000000034
10,25,0101111111,2,0.9995,0.023318300000028103
10,25,0101111111,3,0.99975,0.024868699999956334
10,25,0101111111,4,0.99975,0.023688500000048407
10,25,0110001010,0,0.999,0.024395700000013676
10,25,0110001010,1,0.99975,0.024364500000046974
10,25,0110001010,2,0.9995,0.02366759999995338
10,25,0110001010,3,0.99975,0.024430400000028385
10,25,0110001010,4,0.99975,0.023753399999918656
10,25,0110010000,0,0.999,0.023511800000051153
10,25,0110010000,1,0.99975,0.024768799999947078
10,25,0110010000,2,0.9995,0.02659049999999752
10,25,0110010000,3,0.99975,0.0240676999999323
10,25,0110010000,4,0.99975,0.02393039999992652
10,25,0110010111,0,0.999,0.02449720000004163
10,25,0110010111,1,0.99975,0.02419139999994968
10,25,0110010111,2,0.9995,0.023299500000007356
10,25,0110010111,3,0.99975,0.02448119999996834
10,25,0110010111,4,0.99975,0.024068400000032852
10,25,0110101001,0,0.999,0.02581780000002709
10,25,0110101001,1,0.99975,0.024683800000047995
10,25,0110101001,2,0.9995,0.024072799999999006
10,25,0110101001,3,0.99975,0.024025599999959013
10,25,0110101001,4,0.99975,0.024218300000029558
10,25,0110111000,0,0.99925,0.02459369999996852
10,25,0110111000,1,0.99975,0.024935300000038296
10,25,0110111000,2,0.9995,0.024693599999977778
10,25,0110111000,3,0.99975,0.024233099999946717
10,25,0110111000,4,0.99975,0.02398629999993318
10,25,0110111001,0,0.99925,0.02567650000003141
10,25,0110111001,1,0.99975,0.024053900000012618
10,25,0110111001,2,0.9995,0.025035300000013194
10,25,0110111001,3,0.99975,0.02463430000000244
10,25,0110111001,4,0.99975,0.023967300000094838
10,25,0111000111,0,0.99925,0.027135400000020127
10,25,0111000111,1,0.99975,0.02444680000007793
10,25,0111000111,2,0.9995,0.024057500000026266
10,25,0111000111,3,0.99975,0.0240540999999439
10,25,0111000111,4,0.99975,0.023949300000026597
10,25,0111101110,0,0.9995,0.02483390000008967
10,25,0111101110,1,1.0,0.024256799999989198
10,25,0111101110,2,0.9995,0.024715799999967203
10,25,0111101110,3,0.9995,0.024453500000049644
10,25,0111101110,4,0.9995,0.02441399999997884
10,25,1000011000,0,0.99925,0.02527009999994334
10,25,1000011000,1,1.0,0.025447299999996176
10,25,1000011000,2,0.99975,0.024920100000031198
10,25,1000011000,3,0.9995,0.02426309999998466
10,25,1000011000,4,0.9995,0.024295499999993808
10,25,1000101000,0,0.99925,0.024776599999995597
10,25,1000101000,1,1.0,0.024369499999920663
10,25,1000101000,2,0.99975,0.023992899999939254
10,25,1000101000,3,0.9995,0.024167900000065856
10,25,1000101000,4,0.9995,0.02396669999995993
10,25,1001000101,0,0.99925,0.025496900000007372
10,25,1001000101,1,1.0,0.024389900000073794
10,25,1001000101,2,0.99975,0.025354099999958635
10,25,1001000101,3,0.99975,0.024361200000043937
10,25,1001000101,4,0.9995,0.023855299999922863
10,25,1001011011,0,0.99925,0.02577289999999266
10,25,1001011011,1,1.0,0.025679599999989478
10,25,1001011011,2,0.99975,0.024409300000002077
10,25,1001011011,3,0.99975,0.024025299999948402
10,25,1001011011,4,0.99925,0.024691299999972216
10,25,1001011101,0,0.99925,0.02498439999999391
10,25,1001011101,1,1.0,0.024804200000062337
10,25,1001011101,2,0.99975,0.024553500000024542
10,25,1001011101,3,0.99975,0.02470180000000255
10,25,1001011101,4,0.99925,0.024763300000017807
10,25,1001110101,0,0.99925,0.02549460000000181
10,25,1001110101,1,1.0,0.025809500000036678
10,25,1001110101,2,0.99975,0.024841799999990144
10,25,1001110101,3,0.99975,0.024563700000044264
10,25,1001110101,4,0.99925,0.024513500000011845
10,25,1001111100,0,0.99925,0.02976720000003752
10,25,1001111100,1,1.0,0.02483699999993405
10,25,1001111100,2,0.99975,0.02544749999992746
10,25,1001111100,3,0.99975,0.02472690000001876
10,25,1001111100,4,0.99925,0.024755400000003647
10,25,1010000001,0,0.99925,0.026363700000047174
10,25,1010000001,1,1.0,0.02826909999998861
10,25,1010000001,2,0.99975,0.02488749999997708
10,25,1010000001,3,0.99975,0.025986500000044543
10,25,1010000001,4,0.99925,0.0261288000000377
10,25,1010010111,0,0.99925,0.025006699999948978
10,25,1010010111,1,1.0,0.025619800000072246
10,25,1010010111,2,0.99975,0.02583300000003419
10,25,1010010111,3,0.99975,0.024892500000078144
10,25,1010010111,4,0.99925,0.02693460000000414
10,25,1010110000,0,0.9995,0.02619650000008278
10,25,1010110000,1,1.0,0.02556970000000547
10,25,1010110000,2,0.99975,0.02480260000004364
10,25,1010110000,3,0.99975,0.025094000000080996
10,25,1010110000,4,0.99925,0.0251524000000245
10,25,1010110101,0,0.9995,0.025385400000004665
10,25,1010110101,1,1.0,0.02531530000010207
10,25,1010110101,2,0.99975,0.024184999999988577
10,25,1010110101,3,0.99975,0.024087499999950523
10,25,1010110101,4,0.99925,0.0248761000000286
10,25,1011000000,0,0.9995,0.026126299999987168
10,25,1011000000,1,1.0,0.02513120000003255
10,25,1011000000,2,0.99975,0.024972300000058567
10,25,1011000000,3,0.99975,0.025116299999922376
10,25,1011000000,4,0.99925,0.02529329999993024
10,25,1011001110,0,0.9995,0.026333899999940513
10,25,1011001110,1,1.0,0.026165799999944284
10,25,1011001110,2,0.99975,0.025185100000044258
10,25,1011001110,3,0.99975,0.02563589999999749
10,25,1011001110,4,0.99925,0.024648699999943346
10,25,1011011000,0,0.9995,0.026527099999952952
10,25,1011011000,1,1.0,0.026676899999984016
10,25,1011011000,2,0.99975,0.02552170000001297
10,25,1011011000,3,0.99975,0.025174799999945208
10,25,1011011000,4,0.99925,0.02504060000001118
10,25,1011011111,0,0.9995,0.025385700000015277
10,25,1011011111,1,1.0,0.025276399999938803
10,25,1011011111,2,0.99975,0.02528139999992618
10,25,1011011111,3,0.99975,0.024928900000077192
10,25,1011011111,4,0.99925,0.02487750000000233
10,25,1011100000,0,0.9995,0.02596060000007583
10,25,1011100000,1,1.0,0.025343800000086958
10,25,1011100000,2,0.99975,0.025059699999928853
10,25,1011100000,3,0.99975,0.0253751000000193
10,25,1011100000,4,0.99925,0.024709099999995487
10,25,1011101100,0,0.9995,0.024970100000018647
10,25,1011101100,1,1.0,0.025261800000066614
10,25,1011101100,2,0.99975,0.024708899999950518
10,25,1011101100,3,0.9995,0.024903600000016013
10,25,1011101100,4,0.99925,0.024561600000083672
10,25,1100000001,0,0.9995,0.0256954000000178
10,25,1100000001,1,1.0,0.02591820000009193
10,25,1100000001,2,0.99975,0.0247309999999743
10,25,1100000001,3,0.9995,0.025361800000041512
10,25,1100000001,4,0.99925,0.027523600000108672
10,25,1100100000,0,0.9995,0.025476199999957316
10,25,1100100000,1,1.0,0.025442200000043158
10,25,1100100000,2,0.99975,0.025596299999961047
10,25,1100100000,3,0.9995,0.026630100000033963
10,25,1100100000,4,0.99925,0.026131599999985156
10,25,1101001010,0,0.9995,0.026913300000046547
10,25,1101001010,1,1.0,0.025240700000040306
10,25,1101001010,2,0.99975,0.025286899999969137
10,25,1101001010,3,0.9995,0.02462789999992765
10,25,1101001010,4,0.99925,0.025600000000054024
10,25,1110001000,0,0.9995,0.025655399999891415
10,25,1110001000,1,1.0,0.027575099999921804
10,25,1110001000,2,0.99925,0.0258305999999493
10,25,1110001000,3,0.99925,0.024758499999961714
10,25,1110001000,4,0.9995,0.026357500000017353
10,25,1110001001,0,0.9995,0.025896500000044398
10,25,1110001001,1,1.0,0.029147899999998117
10,25,1110001001,2,0.99925,0.029315800000063064
10,25,1110001001,3,0.99925,0.026356299999974908
10,25,1110001001,4,0.9995,0.026437200000032135
10,25,1110011101,0,0.99925,0.025544100000047365
10,25,1110011101,1,1.0,0.025760099999956765
10,25,1110011101,2,0.99925,0.02569559999994908
10,25,1110011101,3,0.99925,0.027960699999994176
10,25,1110011101,4,0.9995,0.02599710000004052
10,25,1110100001,0,0.99925,0.02642490000005182
10,25,1110100001,1,1.0,0.026310799999919254
10,25,1110100001,2,0.99925,0.026117499999941174
10,25,1110100001,3,0.99925,0.025598500000000968
10,25,1110100001,4,0.9995,0.026019700000006196
10,25,1111011000,0,0.99925,0.02646469999990586
10,25,1111011000,1,1.0,0.025698300000044583
10,25,1111011000,2,0.99925,0.025530600000024606
10,25,1111011000,3,0.99925,0.02590420000001359
10,25,1111011000,4,0.9995,0.02571490000002541
10,25,1111101110,0,0.99925,0.026506799999992836
10,25,1111101110,1,1.0,0.02576910000004773
10,25,1111101110,2,0.99925,0.02576150000004418
10,25,1111101110,3,0.99925,0.02628540000000612
10,25,1111101110,4,0.9995,0.029314599999906932
10,25,1111110000,0,0.99925,0.026789000000007945
10,25,1111110000,1,1.0,0.02615020000007462
10,25,1111110000,2,0.99925,0.026127500000029613
10,25,1111110000,3,0.99925,0.027127500000005966
10,25,1111110000,4,0.9995,0.026729199999977027
